cluster_id,representative_llm,representative_llm_free,representative,total_count,members
70,PLANTED_IN,PLANTED_AT_OR_IN,PLANTED_IN,126,12
35,GROWN_IN,GROWN_IN_OR_ON_SOMETHING,GROWN_IN,98,12
147,AFFECTED_BY,AFFECTED_BY,AFFECTED_BY,90,7
18,USED_WITH,USED_WITH_SOMETHING,USED_WITH,57,8
112,COVERED_WITH,COVERED_WITH,COVERED_WITH,45,7
37,HARVESTED_FROM,HARVESTING_TIME,HARVESTED_FROM,43,17
34,GROWS_IN,GROWS_IN,GROWS_IN,39,10
149,RELATED_TO,RELATED_TO,RELATED_TO,25,5
46,SOWN_IN,SOWN_IN,SOWN_IN,24,9
27,PLANTED_IN_MONTH,PLANTED_IN_MONTH,PLANTED_IN_MONTH,22,11
113,TREATED_WITH,TREATED_WITH,TREATED_WITH,21,2
29,CULTIVATED,CULTIVATION_RELATION,CULTIVATED,21,12
42,REQUIRES,REQUIRES_RELATIONSHIP,REQUIRES,21,4
49,GROWTH_STAGE,GROWTH_STAGE_RELATION,HAS_GROWTH_STAGE,20,5
41,AFFECTED_BY_WEATHER_CONDITIONS,AFFECTED_BY_CONDITION,AFFECTED_BY_WEATHER_CONDITIONS,19,7
23,LOCATED_IN,LOCATED_IN,LOCATED_IN,17,4
98,MENTIONED_ALONGSIDE,MENTIONED_WITH,MENTIONED_ALONGSIDE,17,3
82,PROTECTED_FROM,PROTECTION_RELATION,PROTECTED_FROM,15,8
26,PLANTED_WITH,PLANTED_WITH,PLANTED_WITH,14,3
8,IS_VARIETY_OF,VARIETY_OF,IS_VARIETY_OF,14,4
65,GROWN_UNDER,GROWS_UNDER_SOMETHING,GROWN_UNDER,14,4
80,PLANTED_AFTER,GROWS_AFTER,PLANTED_AFTER,14,4
76,WATERED_BY,WATERED_WITH,WATERED_WITH,14,7
63,PLACED_ON,PLACED_AT,PLACED_IN,13,4
32,CONTAINS,CONTAINS,CONTAINS,13,5
12,REPLACED_BY,REPLACEMENT_RELATIONSHIP,REPLACED_BY,10,5
117,CROP_VARIETY,CROP_VARIETY_RELATIONSHIP,CROP_VARIETY,10,2
93,GROWS_DURING,GROWS_DURING,GROWS_DURING,10,2
2,PLANTING_DATE,PLANTING_DATE,HAS_PLANTING_DATE,10,7
324,IS_TYPE_OF,INSTANCE_OF,IS_TYPE_OF,9,1
97,REQUIRES_WATERING,REQUIRES_WATERING,REQUIRES_WATERING,9,7
1,REMOVED_ON,REMOVED_AT_OR_AFTER_EVENT,REMOVED_FROM,9,6
111,HAS_COMPONENT,HAS_COMPONENT,HAS_COMPONENT,9,5
127,AFFECTED_BY_PEST,AFFECTED_BY_PEST,PEST_AFFECTED_BY,9,4
665,PLANTED_DURING,PLANTED_OR_CULTIVATED_DURING,CULTIVATED_DURING,8,2
74,HAS_VARIETY,HAS_VARIETY_OR_SPECIES,HAS_VARIETY,8,3
61,PEST_AFFECTS_CROP,CONDITION_AFFECTS_CROP,PEST_AFFECTS_CROP,8,3
9,TRANSPLANTED_TO,TRANSPLANTED_TO,TRANSPLANTED_TO,8,6
73,AVAILABLE_IN,AVAILABLE_IN_LOCATION,AVAILABLE_IN,8,2
13,PLANTED_IN_ROWS,PLANTED_IN_ARRANGEMENT,PLANTED_IN_ROWS,8,6
40,IS_PART_OF,PART_OF,IS_PART_OF,8,3
79,CROP_VARIEGES,CROP_VARIETY,CROP_VARIEGES,7,4
125,DIFFERS_FROM,DIFFERS_FROM,HAS_DIFFERENT_CHARACTERISTICS_THAN,7,6
403,CONTINUE_TO_BE_TRANSPLANTED,CONTINUE_TRANSPLANTATION,CONTINUE_TO_BE_TRANSPLANTED,6,1
33,REQUIRES_PROTECTION_FROM,REQUIRES_PROTECTION_FROM,REQUIRES_PROTECTION_FROM,6,4
136,CROP_GROWN,CROP_RELATIONSHIP,CROP_GROWN,6,5
150,STORED_IN,STORED_IN,STORED_IN,6,2
267,GROWN_IN_SEASON,GROWN_IN_SEASON,PLANTED_IN_SEASON,6,5
83,MADE_FROM,DERIVED_FROM,MADE_FROM,6,3
651,CROP_TYPE,CROP_INFORMATION,CROP_TYPE,6,1
151,PREFERRED_FOR,PREFERRED_FOR,PREFERRED_FOR,6,4
638,MANNES_CONTAIN,CONTAINS_MALE,MANNES_CONTAIN,6,1
62,GROWN_IN_SPECIFIC_REGIONS_OR_SETTINGS,GROWN_UNDER_SPECIFIC_CONDITIONS,PLANTED_UNDER_SPECIFIC_CONDITIONS,6,4
55,SPACED_APART,SPACED_RELATION,SPACED_AT,6,6
261,EQUIPPED_WITH,EQUIPPED_WITH,EQUIPPED_WITH,6,3
102,SOIL_TYPE_FOR_CROP,SOIL_TYPE_RELATION_TO_CROP,SOIL_TYPE_FOR_CROP,5,4
244,CUT_WITH,CUT_BY_MEANS_OF,CUT_AT,5,4
78,DISEASE_AFFECTED_BY,AFFECTED_BY_DISEASE,DISEASE_AFFECTED_BY,5,3
11,PRACTICED_IN,PRACTICED_BY,PRACTICED_IN,5,4
10,REQUIRES_EQUIPMENT,REQUIRES_SOMETHING,REQUIRES_EQUIPMENT,5,3
124,SAME_SPECIES_AS,SAME_AS,SAME_SPECIES_AS,5,3
496,PRICED_AT,HAS_PRICE,PRICED_AT,5,1
437,FOLLOWS_LAYERS,FOLLOWS_IN_ORDER,FOLLOWS_LAYERS,5,1
51,MIXED_WITH,COMBINED_WITH,MIXED_WITH,5,2
24,PICKED_AND_READY,READY_STATUS,PICKED_AND_READY,5,4
152,IRRIGATION_METHOD,IRRIGATION_METHOD,IRRIGATION_METHOD,5,4
7,PUBLISHED_BY,CREATED_BY,AUTHORED_BY,5,3
121,BELONGS_TO,BELONGS_TO_GROUP,BELONGS_TO,5,4
44,PRODUCES,PRODUCES_FOOD_OR_PLANT_MATERIAL,PRODUCES,5,3
263,AFFECTS_GROWTH,AFFECTS_GROWTH,AFFECTS_CROP,5,5
91,USES_EQUIPMENT,EQUIPMENT_USAGE,USES_EQUIPMENT,5,3
89,CAUSES,CAUSE_OF,CAUSES_CONDITION,4,3
54,PREFERRED_SOIL_CONDITION,PREFERRED_GROWING_CONDITIONS,PREFERED_SOIL_CONDITION,4,4
142,WARMED_BY,WARMED_BY,ARE_WARMED_UP_FROM_MONTH,4,3
145,SEED_CHARACTERISTIC,SEED_CHARACTERISTIC,SEED_CHARACTERISTIC,4,2
47,SUPPORTED_BY,SUPPORTED_BY,SUPPORTED_BY,4,2
20,USED_IN_PRACTICE,USED_IN_CONTEXT,USED_IN_PROCESS,4,3
129,FOLLOWED_BY,SEQUENCE_RELATIONSHIP,FOLLOWED_BY,4,2
19,AFFECTS,AFFECTS,AFFECTS,4,2
290,USED_IN_PLANTING,USED_FOR_PLANTING,USED_IN_PLANTING,4,4
104,FARMING_PRACTICE,FARMING_PRACTICE_RELATED,FARMING_PRACTICE_RELATED,4,3
216,BENEFICIAL_FOR,BENEFITS,IS_GOOD_FOR,4,4
30,CARROT_IS_COVERED_WITH,CARROT_IS_LOCATED_IN_OR_ON,CARROT_IS_SOWN_IN,4,4
322,PLANTED_IN_NOVEMBER,PLANTING_MONTH,PLANTED_IN_NOVEMBER,4,1
57,ORIGINATED_FROM,ORIGINATES_FROM,ORIGINATED_IN,4,4
148,GROWTH_STAGE_TRANSITION,GROWTH_STAGE_TRANSITION,GROWTH_STAGE_TRANSITION,4,3
366,NEW_CROP_AVAILABLE,NEW_ITEM_AVAILABLE,NEW_CROP_AVAILABLE,4,1
252,PLANTED_ON_DATE,PLANTING_DATE,SOWN_IN_GROUND_BEFORE_DATE,4,3
154,INTRODUCED_CROP_INTO_MARKET_GARDENING,INTRODUCE_ITEM_TO_MARKET_GARDENING,INTRODUCED_CROP_INTO_MARKET_GARDENING,4,2
160,CONTAINS_SPECIES,CONTAINS_TAXA,CONTAINS_SPECIES,4,2
306,NEED_ATTENTION,REQUIRES_ATTENTION,NEED_ATTENTION,4,3
162,RAISED_WITH,RAISED_WITH,GROWN_WITH,4,2
3,DIVIDED_INTO,DIVIDED_BY,SPLIT_INTO,4,4
658,DIFFERS_IN_RUNNIG_FROM,DIFFERS_FROM,DIFFERS_IN_RUNNIG_FROM,4,1
60,-has_part-relationship,HAS_PARTICIPANT,-has_part-relationship,4,2
163,SEASONAL_AVAILABILITY,SEASONAL_AVAILABILITY,SEASONAL_AVAILABILITY,4,2
43,HAS_COST,HAS_COST,COSTS,4,2
25,EXPOSED_TO_AIR_AROUND,EXPOSED_TO_ENVIRONMENTAL_ELEMENT,EXPOSED_TO_WIND,4,4
536,INTERPLANTED_WITH,COLOCATED_WITH,INTERPLANTED_WITH,4,1
48,HAS_CHARACTERISTIC,HAS_CHARACTERISTIC,CHARACTERISTIC_OF,4,4
53,RAISED_ON,RAISED_TO,RAISED_ON,4,3
134,HARVEST_DATE,HARVEST_INFORMATION,HARVEST_DATE,3,2
131,HAS_SIMILAR_SEED_TO,SEED_SIMILARITY,PRODUCES_SEEDS_WITH_SIMILAR_CHARACTERISTICS,3,2
203,GIVEN_AIR_GRADUALLY,GIVEN_AIR,GIVEN_AIR_USING,3,3
228,GROWTH_STAGE_RELATED_TO_GROWTH_STAGE,GROWTH_STAGE_RELATIONSHIP,GROWTH_STAGE_RELATED_TO_GROWTH_STAGE,3,2
328,USED_FOR_WATERING,WATERING_PURPOSE,USED_FOR_WATERING,3,2
56,HARVESTABLE_IN_AUTUMN,HARVEST_SEASON,HARVESTED_IN_OCTOBER,3,3
130,REQUIRES_COVERING,REQUIRES_COVERING_CONDITION,REQUIRES_COVERING,3,3
197,RENTS_AT,RENTS_AT,RENTS_AT,3,2
5,REQUIRES_PRUNING,HAS_PRUNING_RELATED_PROPERTY,REQUIRES_PRUNING,3,3
45,REMOVES,REMOVES_RELATION,REMOVES,3,2
153,REQUIRES_SOIL_CONDITION,REQUIRES_SOIL_CONDITION,REQUIRES_SOIL_TYPE,3,3
168,CONNECTED_TO,ATTACHED_TO,TIED_TO,3,3
128,CONTAINS_SEEDS,CONTAINS_SEEDS_OR_SUBSTANCE_AS_SEED,CONTAINS_SEEDS,3,2
85,PROTECTED_AGAINST_WEATHER,PROTECTED_FROM_ENVIRONMENTAL_FACTORS,PROTECTED_FROM_AIR,3,3
15,IMPROVES_SOIL_FERTILITY,SOIL_IMPROVEMENT_METHODS,SOIL_IMPROVED_WITH,3,3
165,SLOPES_TOWARDS_DIRECTION_OF,SLOPING_TOWARDS_DIRECTION,SLOPED_TO_SOUTH,3,3
249,PREPARATION_METHOD,PREPARATION_METHOD,PREPARATION_OF,3,3
118,HAVE_COMMON_PARTS,HAVE_COMMON_EDIBLE_PARTS,HAVE_COMMON_PARTS,3,2
551,IS_GROWN_BY_MARKET_GARDENERS_IN_LOCATION,GROWS_IN_LOCATION,IS_GROWN_BY_MARKET_GARDENERS_IN_LOCATION,3,1
264,IS_NEEDED_TO_FERTILIZE,IS_NEEDED_FOR_FERTILITY,IS_NEEDED_TO_FERTILIZE,3,2
180,NEEDS,NEEDS_RELATIONSHIP,NEEDS,3,2
109,PLANTED_BEFORE,EARLIER_THAN,PLANTED_BEFORE,3,2
630,IS_NOT_GROWN,NOT_GROWN,IS_NOT_GROWN,3,1
331,SEED_PRODUCTION_PREREQUISITE,SEEDING_REQUIREMENT,SEED_PRODUCTION_PREREQUISITE,3,1
167,CARRIES_ON,CONTINUES_WITH,CARRIED_ON,3,2
268,TRANSPORTED_BY,TRANSPORTATION_METHOD,CAN_BE_TRANSPORTED_UNDER,3,2
137,PLANTED_IN_BED,PLANTED_IN_BED,PLANTED_IN_BED,3,3
330,LOCATED_NEARBY,LOCATED_NEARBY,PLACED_NEAR,3,3
96,PLANTED_IN_LAYER,PLANTED_IN_LAYER,PLANTED_IN_LAYER,3,3
333,PRONE_TO,PRONE_TO_CONDITION,PRONE_TO,3,2
38,Damaged_BY,CAUSES_DAMAGE,Damaged_BY,3,3
265,USES,USES_RELATIONSHIP,USES,3,2
166, COMPARED_TO,COMPARED_TO, COMPARED_TO,3,3
123,SUPERIOR_TO,SUPERIOR_TO_RELATIONSHIP,SUPERIOR_TO,3,2
52,AFFECTED_BY_FROST,AFFECTED_BY_WEATHER_CONDITIONS,AFFECTED_BY_SNOW,3,3
198,SIMILAR_TO,SIMILAR_OR_EQUIVALENT_TO,SIMILAR_TO,3,2
71,PREPARED_IN,PREPARATION_LOCATION,PREPARED_IN,3,3
376,USES_TO_MAKE_MULCH,USES_AS_MATERIAL,USES_TO_MAKE_MULCH,3,1
133,RESISTANT_TO,RESISTANT_TO,RESISTANT_TO,3,3
141,TREATED_WITH_RELATIONSHIP,TREATMENT_RELATIONSHIP,TREATED_WITH_RELATIONSHIP,3,1
582,USED_AS_FERTILIZER,USED_AS_FERTILIZER,USED_AS_FERTILIZER,3,2
565,ARE_TRANSPLANTED_INTO_NURSERY,TRANSPLANT_LOCATION,ARE_TRANSPLANTED_INTO_NURSERY,3,1
237,TIME_PERIOD_ASSOCIATED_WITH,TIME_PERIOD_ASSOCIATION,TIME_PERIOD_ASSOCIATED_WITH,3,2
175,TIME_OF_HARVESTING_RELATIONSHIP,HARVEST_TIME,TIME_OF_HARVESTING_RELATIONSHIP,3,1
67,WATERED_REGULARLY,WATERING_FREQUENCY,WATERED_REGULARLY,3,2
72,HAS_ROOT,HAS_ROOT,HAS_ROOT,3,3
299,APPLIED_TO,APPLIED_ON,APPLIED_AT,3,3
21,USED_TO_GROW,GROWS_INTO,USED_TO_GROW,2,2
309,ALTERNATIVELY_PLANTED_WITH,ALTERNATIVE_TO,ALTERNATIVELY_PLANTED_WITH,2,2
103,ALTERNATIVE_TO,ALTERNATE_OF,ALTERNATIVE_TO,2,2
681,AFFECTED_BY_TEMPERATURE,AFFECTED_BY_ENVIRONMENTAL_CONDITIONS,AFFECTED_BY_TEMPERATURE,2,1
22,TOPPED_OFF,TOPPED_WITH_SOMETHING,TOPPED_OFF,2,2
122,TEMPORAL_RELATIONSHIP,TEMPORAL_RELATION,TEMPORAL_RELATIONSHIP,2,1
0,THINNING_METHOD,THINNING_METHOD_OR_TOOL,THINNING_METHOD,2,2
600,AWARDED_BY,AWARDED_BY_OR_WITH,AWARDED_BY,2,2
116,BEARS_FRUIT_IN,BEARS_FOOD_IN,BEARS_FRUIT_IN,2,2
36,ASSOCIATED_WITH_SOIL_CONDITIONS,RELATED_TO_SOIL_PROPERTIES,ASSOCIATED_WITH_SOIL_CONDITIONS,2,2
285,WINTER_CHERVIL_HARVESTED_IN,WINTER_CHERVIL_GROWN_IN,WINTER_CHERVIL_SOWN_IN,2,2
191,ASSEMBLED_INTO,CONTAINED_IN,ASSEMBLED_INTO,2,2
138,SPROUTS_FROM,SPROUTS_FROM_OR_IN,SPROUTS_IN,2,2
157,SOIL_TYPE_RELATIONSHIP,SOIL_TYPE_RELATION,SOIL_TYPE_RELATIONSHIP,2,1
69,SOWED_AT_DATE_FOR_PRODUCTION,SOWING_DATE,SOWING_DATE,2,2
140,PREFERRED_FOR_GROWTH,PREFERRED_GROWING_CONDITIONS,PREFERRED_FOR_GROWTH,2,2
81,PLANTED_IN_SPECIFIC_TIMEFRAME,PLANTING_SCHEDULE,PLANTED_IN_SPECIFIC_TIMEFRAME,2,2
677,ARE_SOWN_BETWEEN_DATES,PLANTED_WITHIN_TIMEFRAME,ARE_SOWN_BETWEEN_DATES,2,1
597,ARE_SOWN_IN_MONTH_FOR_TRANSPORTATION,MONTH_OF_SOWING,ARE_SOWN_IN_MONTH_FOR_TRANSPORTATION,2,1
281,WATERED_AFTER_PLANTING,WATERING_TIME_RELATIVE_TO_PLANTING,WATERED_AFTER_PLANTING,2,2
344,WATERED_IN_TIME_FRAME,WATERING_SCHEDULE_MET,WATERED_IN_TIME_FRAME,2,1
332,USES_WATERING_METHOD,IRRIGATION_METHOD,WATERING_PRACTICE,2,2
390,AFFECTED_BY_MELON_PRUNING,AFFECTED_BY_FRUIT_PRUNING,AFFECTED_BY_MELON_PRUNING,2,1
287,USED_TO_PLANT_IN_CONVEX_LAYER_OF_MANURE,PLANTED_IN_MANURE,USED_TO_PLANT_IN_CONVEX_LAYER_OF_MANURE,2,1
269,USED_TO_PREVENT,PREVENTION_MEASURE,USED_TO_PREVENT,2,1
59,MOVED_FROM,MOVED_TO,MOVED_FROM,2,2
305,MATURITY_PERIOD,MATURITY_PERIOD_LENGTH,MATURITY_PERIOD,2,2
260,MEASURED_BY,MEASURED_BY_LENGTH,MEASURED_BY,2,2
169,MANURE_TYPE_COMPARISON,MANURE_TYPE_RELATIONSHIP,MANURE_TYPE_COMPARISON,2,1
58,PICKED_BEFORE_RIPENING_ON_VINE,BEFORE_RIPENING_ON_VINE,LONG_BEFORE_RIPENING_ON_VINE,2,2
132,MADE_FROM_SANDSTONE_ALTERNATIVELY,MADE_OF_MATERIAL_ALTERNATIVELY,MADE_OF_STONEWARE_ALTERNATIVELY,2,2
493,MADE_OF,COMPOSITIONAL_RELATIONSHIP,MADE_OF,2,1
208,SOIL_CONDITION,SOIL_CONDITION,SOIL_CONDITION,2,2
224,DIFFERS_IN_GROWTH_FROM,DIFFERS_IN_GROWTH_RATE,DIFFERS_IN_GROWTH_FROM,2,2
100,DEPICTS,DEPICTION_RELATION,DEPICTS,2,2
292,IS_GROWN_FOR_FORCED_CULTIVATION,FORCED_CULTIVATION_METHOD,IS_GROWN_FOR_FORCED_CULTIVATION,2,2
75,PRONE_TO_DEGENERATION,PRONE_TO_DEGENERATION,DEGENERATES_EASILY,2,2
204,LESS_COMMON_THAN,LESS_THAN,LESS_COMMON_THAN,2,2
670,IS_TOPPED_AT_STAGE,IS_TOPPED_AT_SPECIFIC_POINT,IS_TOPPED_AT_STAGE,2,1
270,PLANTED_AT_THE_SAME_TIME_AS,PLANTING_TIME_RELATIONSHIP,PLANTED_AT_DIFFERENT_TIMES,2,2
159,PLANTED_WITHIN_DISTANCE_OF,PLANTED_NEARBY,PLANTED_AT_DISTANCE_OF,2,2
185,PLANTED_IN_DECEMBER,PLANTED_IN_DECEMBER,SOWN_IN_DECEMBER,2,2
219,PLANTED_AFTER_EMPTYING_LAYER,PLANTED_IN_PREPARED_SOIL,PLANTED_AFTER_EMPTYING_LAYER,2,1
615,CULTIVATED_UNTIL,CULTIVATION_STATUS,CULTIVATED_UNTIL,2,1
415,PREFERRED_CROP_LOCATION,PREFERRED_CROP_LOCATION,PREFERRED_CROP_LOCATION,2,2
250,COVERED_WITH_MANURE,COVERED_IN_MANURE,COVERED_WITH_MANURE,2,2
258,FILLED_WITH_SOIL,COVERED_OR_FILLED_WITH_SUBSTANCE,FILLED_WITH_SOIL,2,2
144,COVERED_WITH_STRAW_MATS,COVERED_WITH_STRAW_MAT,COVERED_WITH_STRAW_MATS,2,2
354,COSTS_ASSOCIATED_WITH_EQUIPMENT,EQUIPMENT_COSTS,COSTS_ASSOCIATED_WITH_EQUIPMENT,2,1
6,OCCURS_AFTER_SPECIFIC_CONDITION,OCCURS_AFTER_EVENT,OCCURS_AFTER_TEMPORAL_EVENT,2,2
291,OVERWINTERS_IN,OVERWINTERS_IN_OR_AT,OVERWINTERS_AT,2,2
256,READY_FOR_CONSUMPTION_AT,READY_FOR_CONSUMPTION,READY_FOR_CONSUMPTION_AT,2,2
84,FLOWERS_IN,CONTAINS_PLANT_LIFE,PLANTS_IN,2,2
95,RESEARCHED_BY,INVESTIGATED_BY,RESEARCHED_BY,2,2
17,EMPLOYED_IN_MARKET_GARDENING,MARKET_GARDENING_EMPLOYMENT,EMPLOYED_IN_MARKET_GARDENING,2,2
243,SELECTED_FROM,SELECTED_FROM_SOURCE,SELECTED_FROM,2,2
295,IS_DIFFICULT_TO_DETERMINE_FOR,UNCERTAIN_OR_DIFFICULT_TO_DETERMINE,IS_DIFFICULT_TO_DETERMINE_FOR,2,1
343,IS ALSO KNOWN AS,ALSO_KNOWN_AS,KNOWN_AS,2,2
189,INFECTED_WITH,INFECTED_BY_OR_WITH,INFECTED_BY,2,2
363,HAS_VALUE_BETWEEN,HAS_RANGE_VALUE,HAS_VALUE_BETWEEN,2,1
39,HAS_WIDER_LEAVES_THAN,HAS_BROADER_LEAVES_THAN,HAS_WIDER_LEAVES_THAN,2,2
610,HAVE_AVERAGE_COST_OF,HAVE_COST,HAVE_AVERAGE_COST_OF,2,1
394,RECOMMENDED_FOR,RECOMMENDATION_RELATIONSHIP,RECOMMENDED_FOR,2,1
50,PRUNED_AT,PRUNE_OPERATION,PRUNED_AT,2,2
110,PROPAGATED_BY,PROPAGATED_BY,PROPAGATED_BY,2,2
126,PROTECTED_FROM_BURNING,PROTECTED_FROM_DAMAGE,PROTECTED_FROM_BURNING,2,2
574,PREPARED_FOR_TRANSPLANTING,TRANSPLANT_PREPARATION,PREPARED_FOR_TRANSPLANTING,2,1
99,USES_MANURE_IN,MANURES_INPUT,USES_MANURE_IN,2,2
442,PRODUCES_HEAD_IN,PRODUCTION_RELATIONSHIP,PRODUCES_HEAD_IN,2,1
68,PRACTICE_INVOLVES_TOOLS,USES_TOOLS_OR_EQUIPMENT,PRACTICE_INVOLVES_TOOLS,2,2
92,PRECEDES,PRECEDES,PRECEDES,2,2
16,CONTINUES_TO_BE_HEATED,HEATING_RELATIONSHIP,HEATED_UP_IN,2,2
64,HAS_FRAME,HAS_FRAME,HAS_FRAME,2,2
571,COMPANION_PLANT_FOR,COMPANIONSHIP,COMPANION_PLANT_FOR,2,1
589,CLASSIFIED_UNDER,CLASSIFICATION_RELATION,CLASSIFIED_UNDER,2,1
277,COVERED_WITH_FRAMES,COVERED_WITH_FRAMES,CLOSED_WITH_FRAMES,2,2
383,COLLAR_SUNK_INTO_GROUND,COLLAR_POSITION,COLLAR_SUNK_INTO_GROUND,2,1
286,HAS_LEAVES,LEAF_CHARACTERISTICS,HAS_LEAVES,2,2
489,PLANTED_IN_SOIL_TYPE,PLANTED_ON_SOIL_TYPE,PLANTED_IN_SOIL_TYPE,2,2
235,PLANT_GROWTH_STAGE_PRECEDES_PLANT_GROWTH_STAGE,PRECEDES_GROWTH_STAGE,PRECEDED_BY_GROWTH_STAGE,2,2
314,PLANTED_IN_FULL_SQUARES,PLANTED_IN_FULL_SQUARES,PLANTED_IN_FULL_SQUARES,2,1
164,PLANTED_IN_PERIOD,PLANTED_IN_TIMEFRAME,PLANTED_IN_PERIOD,2,2
88,WORKS_AS,HAS_ROLE,WORKS_AS,2,2
14,RISES_IN,RISE_IN_RELATION,RISES_IN,2,2
106,REQUIRES_SPECIFIC_CONDITIONS,REQUIRES_SPECIFIC_ENVIRONMENTAL_CONDITIONS,REQUIRES_SPECIFIC_CONDITIONS,2,2
188,RETAINS_GERMINATIVE_CAPACITY_FOR,RETAINS_VIABILITY_FOR,RETAINS_GERMINATIVE_CAPACITY_FOR,2,2
101,REQUIRES_SUNLIGHT_PENETRATION,REQUIRES_SPECIFIC_ENVIRONMENTAL_CONDITIONS,REQUIRES_LIGHT_MOISTURE,2,2
94,REQUIRES_MANAGEMENT_IN_MONTHS,REQUIRES_MANAGEMENT_PERIOD,REQUIRES_MANAGEMENT_IN_MONTH,2,2
171,REQUIRES_REGULAR_CHECKS,REQUIRES_REGULAR_MAINTENANCE,REQUIRES_REGULAR_CHECKS,2,2
108,REQUIRES_REGULAR_REMOVAL,REQUIRES_REMOVAL,REQUIRES_REMOVAL_IN,2,2
460,CARRIES,HAS_PROPERTY,CARRIES,2,1
373,CATEGORY_OF,CATEGORY_RELATIONSHIP,CATEGORY_OF,2,1
510,CAN_BE_SOWN_FOR_BEDDING_OR_COASTAL_PLANTING,PLANTING_PURPOSE,CAN_BE_SOWN_FOR_BEDDING_OR_COASTAL_PLANTING,2,1
28,CAN_MEASURE_TEMPERATURE,HAS_TEMPERATURE_PROPERTY,CAN_REACH_TEMPERATURE,2,2
218,LEFT_IN,LEFT_IN_RELATION,LEFT_IN,2,2
90,BELONG_TO_SAME_GENUS,SAME_TAXONOMIC_CLASSIFICATION,BELONG_TO_SAME_GENUS,2,2
355,BLANCHED_USING,COOKED_WITH_WATER,BLANCHED_USING,2,1
262,REQUIRES_LABOR,REQUIRES_LABOR,REQUIRES_LABOR,2,2
552,HAS_TIME_TO_MATURITY,HAS_MATURITY_DATE,HAS_TIME_TO_MATURITY,2,1
31,HAS_TOOL,TOOL_RELATIONSHIP,HAS_TOOL,2,2
666,HAVE_SIMILAR_GROWTH_PATTERNS,SAME_GROWTH_PATTERN,HAS_SAME_GROWTH_PATTERN,2,2
170,GROWN_AS,GROWN_FROM,GROWN_AS,2,2
87,GROWS_IN_CONDITIONS_OF,GROWS_IN_CONDITION,GROWN_IN_CONDITION,2,2
671,GERMINATES_FOR,GERMINATION_SOURCE,GERMINATES_FOR,2,1
4,GOES_TO_SEED,SET_SEED,SET_SEED_IN,2,2
227,GREENER_THAN,COMPARATIVE_COLOR_RELATIONSHIP,GREENER_THAN,2,1
107,GERMINATED_IN,GERMINATION_TIME,GERMINATED_IN,2,2
66,FORMS_INTO,FORMS_INTO_SHAPE,FORMS_INTO,2,2
547,FOUND_IN,CONTAINED_IN,FOUND_IN,2,1
282,HAS_COSTLY_FEEDING_PRACTICE,HAS_COSTLY_ASPECT,HAS_COSTLY_FEEDING_PRACTICE,2,1
207,HAS_PATTERN,HAS_PATTERN,HAS_PATTERN,2,2
500,REQUIRES_TO_GROW,REQUIRES_FOR_GROWTH,REQUIRES_TO_GROW,2,2
247,USED_TO_LOAD,LOADING_HISTORY,USED_TO_LOAD,2,1
595,AFFECTS_QUALITY_OF,AFFECTS_QUALITY,AFFECTS_QUALITY_OF,1,1
617,ABSORBS_HEAT_FROM,THERMAL_ABSORPTION,ABSORBS_HEAT_FROM,1,1
349,ADJACENT_IN_FIELD_LAYOUT,SPATIAL_RELATIONSHIP,ADJACENT_IN_FIELD_LAYOUT,1,1
649,AFFECTED_BY_AGE,AGE_RELATEDNESS,AFFECTED_BY_AGE,1,1
446,AFFECTED_BY_COMPETITION_FROM_OUTSIDE_REGION,EXTERNAL_COMPETITION_EFFECT,AFFECTED_BY_COMPETITION_FROM_OUTSIDE_REGION,1,1
529,AFFECTED_BY_MANURE_FERTILITY,AFFECTED_BY_FERTILIZER,AFFECTED_BY_MANURE_FERTILITY,1,1
509,AFFECTED_BY_MUSHROOM_GROWTH,AFFECTED_BY_GROWTH,AFFECTED_BY_MUSHROOM_GROWTH,1,1
336,USED_TO_SEW,SEWING_RELATED,USED_TO_SEW,1,1
77,USEFULNESS_OF,UTILITY,USEFULNESS_OF,1,1
220,USES_DEVICE_FOR_HEATING,USES_DEVICE_FOR_TEMPERATURE_CONTROL,USES_DEVICE_FOR_HEATING,1,1
146,USES_INPUT_FOR_CARE,INPUT_USAGE,USES_INPUT_FOR_CARE,1,1
158,USES_TO_PERFORM_ACTION,USES_TO_PERFORM_ACTION,USES_TO_PERFORM_ACTION,1,1
236,USE_EQUIPMENT_FOR_CROP_MANAGEMENT,USE_EQUIPMENT_IN_AGRICULTURE,USE_EQUIPMENT_FOR_CROP_MANAGEMENT,1,1
174,VALUED_MORE_FOR,VALUED_MORE_THAN,VALUED_MORE_FOR,1,1
172,VARIES_BY,VARIATION_RELATIONSHIP,VARIES_BY,1,1
463,ASSOCIATED_WITH_GARDENS_IN_PARIS,LOCATED_IN_PARIS,ASSOCIATED_WITH_GARDENS_IN_PARIS,1,1
387,ASSOCIATED_WITH_INSTITUTION_OR_WORKER,ASSOCIATION,ASSOCIATED_WITH_INSTITUTION_OR_WORKER,1,1
367,AS_PARAPHRASED,PARAPHRASING_RELATION,AS_PARAPHRASED,1,1
559,AVAILABLE_ALMOST_ALL_YEAR_ROUND,AVAILABLE_YEAR_ROUND,AVAILABLE_ALMOST_ALL_YEAR_ROUND,1,1
408,AVAILABLE_IN_ABUNDANCE,AVAILABLE_IN_LARGE_QUANTITIES,AVAILABLE_IN_ABUNDANCE,1,1
360,BASED_ON_DESIRE_FOR_PUBLICATION,PUBLISHING_INTENT,BASED_ON_DESIRE_FOR_PUBLICATION,1,1
555,BASED_ON_PROGRAM_OF,BASED_ON_PROGRAM,BASED_ON_PROGRAM_OF,1,1
593,BEGINS_AT_MONTH_OF,STARTS_IN_MONTH_OF,BEGINS_AT_MONTH_OF,1,1
234,WEATHER_IMPACT,WEATHER_EFFECT,WEATHER_IMPACT,1,1
143,WEDGES_HOLD_FRAMES_OPEN_DURING_DAY,HOLD_FRAMES_OPEN,WEDGES_HOLD_FRAMES_OPEN_DURING_DAY,1,1
161,WEDGES_REMOVED_TO_REMOVE_FRAMES_AT_NIGHT,REMOVE_FRAME_WEDGES,WEDGES_REMOVED_TO_REMOVE_FRAMES_AT_NIGHT,1,1
223,WHITE_ASPARAGUS_CROP_OF_GREEN_ASPARAGUS,COLOR_VARIETY_OF_ASPARAGUS,WHITE_ASPARAGUS_CROP_OF_GREEN_ASPARAGUS,1,1
187,WINTER_CHERVIL_WITHSTANDS,WINTER_CHERVIL_RESISTANCE,WINTER_CHERVIL_WITHSTANDS,1,1
506,WOODEN_WHEELBARROW_EQUIPPED_WITH_HANDLEBARS_AND_CROSSBARS_TO_TRANSPORT_MATERIALS,HAND_CART,WOODEN_WHEELBARROW_EQUIPPED_WITH_HANDLEBARS_AND_CROSSBARS_TO_TRANSPORT_MATERIALS,1,1
86,WORKED_WITH,COLLABORATED_WITH,WORKED_WITH,1,1
431,AFFECTED_BY_POLICE_BAN,AFFECTED_BY_AUTHORITY_ACTION,AFFECTED_BY_POLICE_BAN,1,1
298,STRAW_PLUGS_ARE_USED_WITH_PEAS,PLUGS_ASSOCIATED_WITH_OBJECTS,STRAW_PLUGS_ARE_USED_WITH_PEAS,1,1
458,STRENGTHENED_OVER,STRENGTHENING_RELATIONSHIP,STRENGTHENED_OVER,1,1
361,STRUCTURE_LOCATION,LOCATION_OF_STRUCTURE,STRUCTURE_LOCATION,1,1
232,SUBJECT_TO,SUBJECT_OF_RELATIONSHIP,SUBJECT_TO,1,1
222,WATERED_WITH_COLD_WATER_FROM_WELLS,WATER_SOURCE,WATERED_WITH_COLD_WATER_FROM_WELLS,1,1
416,WATERING_ESSENTIAL_FOR_VEGETABLE_GROWTH,VEGETABLE_GROWTH_REQUIREMENTS,WATERING_ESSENTIAL_FOR_VEGETABLE_GROWTH,1,1
206,WATERING_NECESSITY_DETERMINED_BY,WATERING_CONDITIONS,WATERING_NECESSITY_DETERMINED_BY,1,1
323,WATER_AMOUNT_APPLIED_AT_AREA_ON_DATE,IRRIGATION_VOLUME,WATER_AMOUNT_APPLIED_AT_AREA_ON_DATE,1,1
485,SPRING_CHERVIL_CULTIVATED_WITH,CULTIVATED_WITH,SPRING_CHERVIL_CULTIVATED_WITH,1,1
474,SPROUTED_AFTER_DAYS,SPROUTING_TIME,SPROUTED_AFTER_DAYS,1,1
583,STAKES_USED_TO_SUPPORT_STRUCTURES_IN_MARSHY_AREA,PILES_IN_WETLANDS,STAKES_USED_TO_SUPPORT_STRUCTURES_IN_MARSHY_AREA,1,1
195,STARTS_PRODUCING_AFTER,PRODUCTION_START_RELATIONSHIP,STARTS_PRODUCING_AFTER,1,1
181,STEAM_CONTAINS_SOMETHING_HARMFUL,CONTAIN_HARMFUL_SUBSTANCE,STEAM_CONTAINS_SOMETHING_HARMFUL,1,1
371,STIRRED_BY,CAUSED_TO_MOVE,STIRRED_BY,1,1
209,STONED_WITH,INTOXICATED_WITH,STONED_WITH,1,1
217,STORED_OVER_WINTER,STORAGE_STATUS,STORED_OVER_WINTER,1,1
644,GROWN_IN_FRAMES,GROWN_IN_CONTAINER,GROWN_IN_FRAMES,1,1
429,GROWN_IN_MANURE_FILLED_PITS,GROWN_IN_MANURE_FILLED_ENVIRONMENTS,GROWN_IN_MANURE_FILLED_PITS,1,1
549,HAS_PULLEY,HAS_MECHANICAL_COMPONENT,HAS_PULLEY,1,1
609,HAS_REPUTATION_AS,HAS_REPUTATION,HAS_REPUTATION_AS,1,1
386,HAS_SEASONAL_CYCLE,HAS_PERIODIC_PATTERN,HAS_SEASONAL_CYCLE,1,1
339,HAS_SEED_LENGTH,HAS_SEED_DIMENSION,HAS_SEED_LENGTH,1,1
345,HAS_SHAPE,HAS_PHYSICAL_FORM,HAS_SHAPE,1,1
572,HAS_SIZE_SIMILAR_TO,SIZE_SIMILARITY,HAS_SIZE_SIMILAR_TO,1,1
448,FREE_FROM,FREE_OF_OBLIGATION,FREE_FROM,1,1
481,FRUITS_AFFECTED_BY,AFFECTS_FRUIT,FRUITS_AFFECTED_BY,1,1
553,GAVE_BACK,RETURNED_ITEM,GAVE_BACK,1,1
685,GERMINATION_TIMEFRAME,GERMINATION_PERIOD,GERMINATION_TIMEFRAME,1,1
359,GEUREA_FAMILY_CONTAINS,FAMILY_RELATIONSHIP,GEUREA_FAMILY_CONTAINS,1,1
480,GOPTED_WITH,SELECTED_WITH,GOPTED_WITH,1,1
356,GREW_STRONG_ENOUGH_TO_BE_TRANSPLANTED_IN,GROWTH_DEVELOPMENT,GREW_STRONG_ENOUGH_TO_BE_TRANSPLANTED_IN,1,1
467,GROUPED_WITH,ASSOCIATED_WITH,GROUPED_WITH,1,1
627,HAS_PEST_RELATIONSHIP_WITH,HAS_PEST_RELATIONSHIP,HAS_PEST_RELATIONSHIP_WITH,1,1
663,FOLLOWED_BY_CROP,FOLLOWING_CROP_RELATIONSHIP,FOLLOWED_BY_CROP,1,1
618,FOLLOWS_IN_DEVELOPMENT,IN_DEVELOPMENT_STATUS,FOLLOWS_IN_DEVELOPMENT,1,1
473,FOLLOW_EXAMPLE_OF,FOLLOW_EXAMPLE,FOLLOW_EXAMPLE_OF,1,1
391,FOUNDED_PRIZE,AWARDED_PRIZE,FOUNDED_PRIZE,1,1
434,FRAMES_AREUSED_WITH_PEAS,FRAMES_REUSED_WITH_CONTENT,FRAMES_AREUSED_WITH_PEAS,1,1
628,FRAME_CONTAINS_PLANT,CONTAINMENT,FRAME_CONTAINS_PLANT,1,1
538,FREEZE_IMPACT,FREEZE_EFFECT,FREEZE_IMPACT,1,1
461,HARROWED_WITH,EMOTIONAL_STATE_OF_BEING_AFFECTED_BY_SOMETHING,HARROWED_WITH,1,1
514,HARVESTED_AT_BEGINNING_OF_FEBRUARY,HARVEST_TIME,HARVESTED_AT_BEGINNING_OF_FEBRUARY,1,1
424,HARVESTS_EVERY,FREQUENCY_OF_HARVESTING,HARVESTS_EVERY,1,1
614,HAS_CROP_RELATIONSHIP_WITH,HAS_CROP_RELATIONSHIP,HAS_CROP_RELATIONSHIP_WITH,1,1
184,HAS_CROSSBEAM_CONNECTING_TIMBERS,STRUCTURAL_CONNECTION,HAS_CROSSBEAM_CONNECTING_TIMBERS,1,1
397,HAS_FRUITING_STAGE,HAS_LIFE_STAGE,HAS_FRUITING_STAGE,1,1
425,HAS_FRUIT_LENGTH,HAS_MEASUREMENT,HAS_FRUIT_LENGTH,1,1
548,HAS_LEAF_CHARACTERISTICS,HAS_LEAF_CHARACTERISTICS,HAS_LEAF_CHARACTERISTICS,1,1
664,IS_LESS_ACIDIC_THAN,ACIDITY_COMPARISON,IS_LESS_ACIDIC_THAN,1,1
398,IS_LIMITED_IN_USE_BY,LIMITATION_RELATIONSHIP,IS_LIMITED_IN_USE_BY,1,1
607,IS_MORE_APPETIZING_THAN,FOOD_PREFERENCE,IS_MORE_APPETIZING_THAN,1,1
505,IS_OPENED_AND_CLOSED_AS_REQUIRED,FOLLOWS_EXPECTED_STATE_TRANSITIONS,IS_OPENED_AND_CLOSED_AS_REQUIRED,1,1
668,EATEN_BY,CONSUMED_BY,EATEN_BY,1,1
410,EDGE_WITH,EDGE_ASSOCIATION,EDGE_WITH,1,1
471,EFFECTED_BY_STRUCTURES,STRUCTURAL_EFFECTS,EFFECTED_BY_STRUCTURES,1,1
405,EMPLOYS,EMPLOYMENT_RELATION,EMPLOYS,1,1
515,IS_ARRANGED_ALONG_THE_WALLS_OF,ARRANGEMENT_RELATIONSHIP,IS_ARRANGED_ALONG_THE_WALLS_OF,1,1
348,IS_A_MEMBER_OF,MEMBERSHIP_RELATIONSHIP,IS_A_MEMBER_OF,1,1
288,IS_A_NATIVE_OF,NATIONALITY,IS_A_NATIVE_OF,1,1
441,IS_CALLED,ALIAS_FOR,IS_CALLED,1,1
476,IS_CHARACTERIZED_BY,CHARACTERIZATION,IS_CHARACTERIZED_BY,1,1
202,IS_COMPOSED_OF,PART_OF,IS_COMPOSED_OF,1,1
501,IS_EASIER_TO_WORK_WITH_THAN,EASIER_THAN,IS_EASIER_TO_WORK_WITH_THAN,1,1
384,IS_INFERIOR_TO,HYPERNYM_OF,IS_INFERIOR_TO,1,1
468,INFECTS,CAUSES_INFECTION,INFECTS,1,1
453,INITIATED_RESEARCH,RESEARCH_INITIATION,INITIATED_RESEARCH,1,1
542,INPUT_USED_FOR_MULCHING,INPUT_USED_AS_MULCH,INPUT_USED_FOR_MULCHING,1,1
625,INTRODUCED_TO,MEET,INTRODUCED_TO,1,1
624,INVOLVED_IN,INVOLVEMENT,INVOLVED_IN,1,1
629,INVOLVES,INVOLVEMENT,INVOLVES,1,1
319,IRRIGATION_USED_IN_PRACTICE,IRRIGATION_METHODS,IRRIGATION_USED_IN_PRACTICE,1,1
379,IS_A,HYPERNYM_OF,IS_A,1,1
388,HAS_TIMBER_SUPPORTS,HAS_STRUCTURAL_SUPPORTS,HAS_TIMBER_SUPPORTS,1,1
484,HAS_WIDTH_AND_DEPTH,HAS_PHYSICAL_DIMENSIONS,HAS_WIDTH_AND_DEPTH,1,1
392,HAY_REMOVED_DURING_PREPARATION,HAY_REMOVAL,HAY_REMOVED_DURING_PREPARATION,1,1
660,HEATS_TO_PRESERVE,HEAT_SETTING,HEATS_TO_PRESERVE,1,1
284,IMPORTED_FROM,IMPORT_SOURCE,IMPORTED_FROM,1,1
608,IMPROVED_WITH,IMPROVEMENT_SOURCE,IMPROVED_WITH,1,1
251,INCLUDED_IN,CONTAINMENT,INCLUDED_IN,1,1
661,INCLUDES_IN_LAYERING_PROCESS,INCLUDES_IN_PROCESS,INCLUDES_IN_LAYERING_PROCESS,1,1
377,KEEPED_MOIST_AND_CLEAN_IN,STORE_CONDITIONS,KEEPED_MOIST_AND_CLEAN_IN,1,1
273,LACKS_INHERENT_QUALITY_OF,NOT_POSSESSING_PROPERTY,LACKS_INHERENT_QUALITY_OF,1,1
632,LATER_THAN,TEMPORAL_RELATIONSHIP,LATER_THAN,1,1
469,LATHS_ARE_USED_WITH_PEAS,USED_WITH,LATHS_ARE_USED_WITH_PEAS,1,1
450,LATHS_COMBINED_WITH_STRAW_AND_WICKER_TO_CONSTRUCT_WINDBREAKS,CONSTRUCTING_WINDBREAKS,LATHS_COMBINED_WITH_STRAW_AND_WICKER_TO_CONSTRUCT_WINDBREAKS,1,1
689,LAYERED_WITHIN,CONTAINS,LAYERED_WITHIN,1,1
421,LEAD_PIPE_MADE_OF,MATERIAL_COMPOSITION,LEAD_PIPE_MADE_OF,1,1
194,LEAD_PIPE_USED_INSTEAD_OF_STONEWARE_END,PIPE_MATERIAL_SUBSTITUTION,LEAD_PIPE_USED_INSTEAD_OF_STONEWARE_END,1,1
520,FIELD_PREPARATION_PRACTICE,FIELD_PREPARATION,FIELD_PREPARATION_PRACTICE,1,1
570,FILLED_WITH,CONTAINMENT,FILLED_WITH,1,1
521,FIX,FINANCIAL_EXCHANGE,FIX,1,1
438,IS_SET_UP_IN,SETUP_LOCATION,IS_SET_UP_IN,1,1
488,IS_SHAKEN,PHYSICAL_STATE,IS_SHAKEN,1,1
518,IS_SOWN_AND_PLANTED_THROUGHOUT,PLANTING_STATUS,IS_SOWN_AND_PLANTED_THROUGHOUT,1,1
580,IS_WIDE_ENOUGH_FOR,WIDTH_COMPATIBILITY,IS_WIDE_ENOUGH_FOR,1,1
362,JUNE_ASSOCIATED_EVENT,MONTH_ASSOCIATED_EVENT,JUNE_ASSOCIATED_EVENT,1,1
452,EXPECTED_AT,EXPECTED_DATE,EXPECTED_AT,1,1
316,EXPOSED_TO,EXPOSED_TO_RELATIONSHIP,EXPOSED_TO,1,1
645,EXPOSED_TO_NATURAL_ELEMENT_FOR_AIRING,EXPOSED_TO_OUTDOOR_ENVIRONMENT,EXPOSED_TO_NATURAL_ELEMENT_FOR_AIRING,1,1
455,EXPOSURE_INFLUENCE_ON_GROWTH,EXPOSURE_EFFECT_ON_DEVELOPMENT,EXPOSURE_INFLUENCE_ON_GROWTH,1,1
575,EXTENDS_INTO_PATHS,EXTENSION_RELATIONSHIP,EXTENDS_INTO_PATHS,1,1
347,EXTRACTED_FROM_ECONOMICS_DATA,DERIVED_FROM_ECONOMIC_DATA,EXTRACTED_FROM_ECONOMICS_DATA,1,1
691,FAMILY_CLASSIFICATION,FAMILY_RELATIONSHIP,FAMILY_CLASSIFICATION,1,1
430,FED_BY,FEEDS,FED_BY,1,1
679,ENCOURAGED_TO_CONTRIBUTE,ENCOURAGEMENT_TO_PARTICIPATE,ENCOURAGED_TO_CONTRIBUTE,1,1
279,ENCROACHES_WITH,SPATIAL_RELATIONSHIP,ENCROACHES_WITH,1,1
540,ENHANCES_PRODUCTIVITY,ENHANCEMENT_OF_WORKFLOW_OR_PROCESS,ENHANCES_PRODUCTIVITY,1,1
385,EQUIPMENT_COMPONENT_OF,PART_OF_EQUIPMENT,EQUIPMENT_COMPONENT_OF,1,1
647,EQUIPMENT_DEVELOPED_TO_HELP_FARMS_USE_EQUIPMENT_BETTER,FARM_EQUIPMENT_IMPROVEMENTS,EQUIPMENT_DEVELOPED_TO_HELP_FARMS_USE_EQUIPMENT_BETTER,1,1
368,ESTABLISHED_IN,FOUNDED_IN,ESTABLISHED_IN,1,1
535,EXCELLENT_QUALITY,HIGH_QUALITY,EXCELLENT_QUALITY,1,1
417,EXERTS_EFFECT_ON,CAUSES_EFFECT_ON,EXERTS_EFFECT_ON,1,1
401,DIFFERS_IN_FLESH_COLOR_FROM,DIFFERENTIATES_BY_PHYSICAL_CHARACTERISTIC,DIFFERS_IN_FLESH_COLOR_FROM,1,1
454,DIFFERS_IN_SIZE_AND_LATER_BY,DIFFERS_IN_SIZE_AND_TIME,DIFFERS_IN_SIZE_AND_LATER_BY,1,1
563,DOCUMENTED_AT,DOCUMENTATION_REFERENCE,DOCUMENTED_AT,1,1
544,DOES_NOT_NEED_TRANSPLANTING_DUE_TO_SOIL_CONDITION,SOIL_CONDITION_REQUIRES_NO_TRANSPLANTING,DOES_NOT_NEED_TRANSPLANTING_DUE_TO_SOIL_CONDITION,1,1
231,DOES_NOT_RESULT_IN,NEGATIVE_CONSEQUENCE,DOES_NOT_RESULT_IN,1,1
428,LOCATED_ON_BANKS_OF,LOCATED_NEARBY,LOCATED_ON_BANKS_OF,1,1
601,LOCATION_ASSOCIATION,LOCATION_ASSOCIATION,LOCATION_ASSOCIATION,1,1
239,LOCATION_LIMITATIONS_CAUSE_COMPETITION_DIFFICULTIES,LOCATION_AFFECTS_COMPETITION,LOCATION_LIMITATIONS_CAUSE_COMPETITION_DIFFICULTIES,1,1
687,DESTROYED_IF_NOT_SPARRED_FOR_SEED,SEEDING_RELATED_STATUS,DESTROYED_IF_NOT_SPARRED_FOR_SEED,1,1
531,DESTRUCTIVE_IMPACT_ON_PLANTS,IMPACT_ON_ENVIRONMENT,DESTRUCTIVE_IMPACT_ON_PLANTS,1,1
562,DEVELOPED_BY,DEVELOPER_OF,DEVELOPED_BY,1,1
637,DEVELOPS_INTO,DEVELOPMENT_RELATIONSHIP,DEVELOPS_INTO,1,1
682,DIFFERENT_CULTURE_THAN,CROSS_CULTURAL_RELATIONSHIP,DIFFERENT_CULTURE_THAN,1,1
365,DIFFERENT_PLANTING_METHOD,PLANTING_METHOD_DIFFERENCE,DIFFERENT_PLANTING_METHOD,1,1
578,DIFFERS_FROM_PARENT_PLANT,DIFFERENT_FROM_PARENT,DIFFERS_FROM_PARENT_PLANT,1,1
370,DIFFERS_IN_ACCESSIBILITY,ACCESSIBILITY_DIFFERENCE,DIFFERS_IN_ACCESSIBILITY,1,1
350,CULTIVATED_VARIETY,CROP_TYPE,CULTIVATED_VARIETY,1,1
326,CULTIVATED_WITH_TOOL,USED_IN_CULTIVATION,CULTIVATED_WITH_TOOL,1,1
621,CUT_BACK_REGULARLY,MAINTAIN_PLANT_HEALTH,CUT_BACK_REGULARLY,1,1
297,CUT_IN_YEAR,RELEASE_DATE,CUT_IN_YEAR,1,1
389,DEEPENED,INTENSIFIED,DEEPENED,1,1
451,DEPANELLED_AT,DEPANELING_LOCATION,DEPANELLED_AT,1,1
613,DERIVED_FROM,DERIVATION,DERIVED_FROM,1,1
519,DESTROYED_BY,DESTROYER_OF_RELATIONSHIP,DESTROYED_BY,1,1
340,LEAVES_ARE_USED_FOR,LEAF_USAGE,LEAVES_ARE_USED_FOR,1,1
233,LEFT_ON_TEENS_UNTIL,LEFT_ON_TEENS,LEFT_ON_TEENS_UNTIL,1,1
567,LETTUCE_NEVER_REPLACED,LETTUCE_NEVER_REPLACED,LETTUCE_NEVER_REPLACED,1,1
214,LETTUCE_VARIETY_IS_RELATED_TO,RELATED_TO_VARIETY_OF,LETTUCE_VARIETY_IS_RELATED_TO,1,1
684,LIFTED,LIFTED,LIFTED,1,1
588,LOCATED_IN_EQUIPMENT,LOCATED_IN_OBJECT,LOCATED_IN_EQUIPMENT,1,1
259,LOCATED_IN_FIELD_TYPE,LOCATED_IN_FIELD,LOCATED_IN_FIELD_TYPE,1,1
626,LOCATED_IN_REGIONAL_GEOGRAPHY,GEOGRAPHIC_LOCATION,LOCATED_IN_REGIONAL_GEOGRAPHY,1,1
564,NEEDS_TO_MAKE_LAYERS_FOR,REQUIRES_LAYER_CREATION,NEEDS_TO_MAKE_LAYERS_FOR,1,1
420,NOT COMMONLY_GROWN,RARELY_CULTIVATED,NOT COMMONLY_GROWN,1,1
302,NOT_TRANPLANTED,NOT_RELOCATED,NOT_TRANPLANTED,1,1
561,NOT_USED_FOR,NOT_IN_USE,NOT_USED_FOR,1,1
426,NO_LONGER_GROWN_BY,DISCONTINUED_CULTIVATION,NO_LONGER_GROWN_BY,1,1
375,OCCUPIES_FIELD_FOR,OCCUPANCY_RELATIONSHIP,OCCUPIES_FIELD_FOR,1,1
321,OLD_DRY_MANURE_IS_USED_WITH_PEAS,MANURE_USED_AS_FERTILIZER,OLD_DRY_MANURE_IS_USED_WITH_PEAS,1,1
656,OPTIMAL_TIME_FOR,OPTIMAL_TIME_FOR_RELATION,OPTIMAL_TIME_FOR,1,1
341,MOVES_BACK_TO_ACCOMMODATE_NEW_BUILDINGS,RELOCATES_FOR_CONSTRUCTION,MOVES_BACK_TO_ACCOMMODATE_NEW_BUILDINGS,1,1
527,MULCHED_UNDER,MULCHING_STATUS,MULCHED_UNDER,1,1
616,NATIVE_TO_LOCATION,ORIGINATES_FROM,NATIVE_TO_LOCATION,1,1
346,NEEDSIRRIGATION,REQUIRES_WATERING,NEEDSIRRIGATION,1,1
594,NEEDS_MORE,INSUFFICIENT_INFORMATION,NEEDS_MORE,1,1
646,NEEDS_OPERATION,REQUIRES_ACTION,NEEDS_OPERATION,1,1
470,NEEDS_TO_BE_PREPARED_WITH_SUBSTANCE,REQUIRES_PREPARATION_WITH_SUBSTANCE,NEEDS_TO_BE_PREPARED_WITH_SUBSTANCE,1,1
439,NEEDS_TO_BE_REMOVED_FROM_CLOCHES_WHEN_SUN_APPEARS,REQUIRES_SPECIFIC_CONDITIONS,NEEDS_TO_BE_REMOVED_FROM_CLOCHES_WHEN_SUN_APPEARS,1,1
419,MATURATES_IN_NOVEMBER,MATURITY_MONTH,MATURATES_IN_NOVEMBER,1,1
193,MATURATES_ON_OR_BEFORE,MATURITY_DATE_RELATIONSHIP,MATURATES_ON_OR_BEFORE,1,1
459,MEASURED_IN_HECTARES,MEASURED_IN_AREA_UNITS,MEASURED_IN_HECTARES,1,1
641,MEASUREMENT_UNIT_OF,UNIT_OF_MEASUREMENT,MEASUREMENT_UNIT_OF,1,1
283,MIXED_WITH_INPUT_MATERIAL,MIXED_WITH_INPUT,MIXED_WITH_INPUT_MATERIAL,1,1
412,MONITORED_USING,MONITORING_RELATIONSHIP,MONITORED_USING,1,1
532,MORE_FRAGILE_THAN,FRAGILITY_COMPARISON,MORE_FRAGILE_THAN,1,1
511,MORE_SUCCESSFUL_IN_OCTOBER_THAN_SPRING,MONTHLY_COMPARISON_OF_SUCCESS,MORE_SUCCESSFUL_IN_OCTOBER_THAN_SPRING,1,1
240,LOWERED_BY_ON_SOUTH_SIDE,LOWERED_BY_ON_SOUTH_SIDE,LOWERED_BY_ON_SOUTH_SIDE,1,1
622,MADE_FROM_CAST_IRON_ALTERNATIVELY,MADE_OF_MATERIAL,MADE_FROM_CAST_IRON_ALTERNATIVELY,1,1
400,MANAGED_BY,MANAGEMENT_RELATION,MANAGED_BY,1,1
402,MANNEIVAUX_CONTAIN,CONTAINMENT_RELATION,MANNEIVAUX_CONTAIN,1,1
315,MANURE_PREPARATION,MANURE_HANDLING,MANURE_PREPARATION,1,1
329,MARKED_FOR_SEED_PRODUCTION,SEEDING_STATUS,MARKED_FOR_SEED_PRODUCTION,1,1
678,MARKET_GARDENERS_REQUIRE_PROOF_OF_GOOD_CONDUCT,REQUIREMENT_FOR_MARKET_GARDENERS,MARKET_GARDENERS_REQUIRE_PROOF_OF_GOOD_CONDUCT,1,1
568,MARKET_GARDENERS_WORKER_CLASS_IS_VERY_PEACEFUL,MARKET_GARDENER_SOCIOECONOMIC_STATUS,MARKET_GARDENERS_WORKER_CLASS_IS_VERY_PEACEFUL,1,1
492,PICKED_AT_SEASON_START,START_OF_SEASON_STATUS,PICKED_AT_SEASON_START,1,1
313,PICKED_AT_SIZE,PICKED_AT_SIZE,PICKED_AT_SIZE,1,1
662,PINK_RADISH_GROWN_IN_LOCATIONS,GROWN_IN_LOCATIONS,PINK_RADISH_GROWN_IN_LOCATIONS,1,1
414,PINK_RADISH_PRODUCTION_FROM,RADISH_PRODUCTION_FROM,PINK_RADISH_PRODUCTION_FROM,1,1
374,PLACED_BETWEEN,POSITIONAL_RELATIONSHIP,PLACED_BETWEEN,1,1
462,PLANTED_AS_BROADCAST_CROP,PLANTED_AS_CROP,PLANTED_AS_BROADCAST_CROP,1,1
602,PLANTED_INDETERMINATELY,PLANTED_STATUS_UNKNOWN,PLANTED_INDETERMINATELY,1,1
432,PLANTED_IN_AUGUST,PLANTING_MONTH,PLANTED_IN_AUGUST,1,1
654,COVERS_SOIL_FOR,COVERS_SOIL_FOR,COVERS_SOIL_FOR,1,1
486,CREATED_EDGE_ON_NORTH_SIDE,CREATED_ON_NORTH_SIDE,CREATED_EDGE_ON_NORTH_SIDE,1,1
411,CROP_ASSOCIATED_WITH_EQUIPMENT,CROP_EQUIPMENT_RELATIONSHIP,CROP_ASSOCIATED_WITH_EQUIPMENT,1,1
399,CROP_ASSOCIATION,CROP_RELATIONSHIP,CROP_ASSOCIATION,1,1
301,CROP_CHARACTERISTIC,CHARACTERISTIC_OF_CROP,CROP_CHARACTERISTIC,1,1
423,CROP_GRAFTING,PLANT_PROPAGATION,CROP_GRAFTING,1,1
657,CROP_VARIEYT_RELATIONSHIP,CROP_VARIETY_RELATIONSHIP,CROP_VARIEYT_RELATIONSHIP,1,1
533,CULTIVATED_GENUS_CONTAINS_SPECIES,CONTAINS_SPECIES,CULTIVATED_GENUS_CONTAINS_SPECIES,1,1
275,PERSIL_IS_SUBTYPE_OF,IS_SUBTYPE_OF,PERSIL_IS_SUBTYPE_OF,1,1
199,PEST_FEAR_HEAT,FEAR_OF_PESTS,PEST_FEAR_HEAT,1,1
466,PEST_TREATED_WITH,TREATMENT_FOR_PESTS,PEST_TREATED_WITH,1,1
427,COOLING_LOCATION,COOLING_SYSTEM_COMPONENT,COOLING_LOCATION,1,1
653,COOPER_CINNAMON_USED_IN_LEAD_PIPE_END,CONTAINS_MATERIAL,COOPER_CINNAMON_USED_IN_LEAD_PIPE_END,1,1
352,COUNTER_PLANTED_WITH,PLANTED_WITH,COUNTER_PLANTED_WITH,1,1
642,COVERED_WITH_AT_NIGHT,COVERING_STATUS,COVERED_WITH_AT_NIGHT,1,1
508,COVERED_WITH_LITTER_OR_MAT_DURING_DAY,COVERED_DURING_DAY,COVERED_WITH_LITTER_OR_MAT_DURING_DAY,1,1
404,OPTIONALLY_ADDED,OPTIONAL_RELATIONSHIP,OPTIONALLY_ADDED,1,1
182,ORIGIN_OF_CROP,SOURCE_OF_CROP,ORIGIN_OF_CROP,1,1
475,OVERLAPPED_WITH,OVERLAP,OVERLAPPED_WITH,1,1
440,OWNS,POSSESSION,OWNS,1,1
335,PART_OF_FERTILIZATION_COSTS,FERTILIZATION_RELATED_EXPENSE,PART_OF_FERTILIZATION_COSTS,1,1
353,PEAS_ARE_TO_BE_TOPPED_AT,VEGETABLE_PREPARATION_INSTRUCTIONS,PEAS_ARE_TO_BE_TOPPED_AT,1,1
311,PEOPLE_RELATIONSHIP_ENCOURAGE_ECONOMY,ENCOURAGE_ECONOMIC_GROWTH,PEOPLE_RELATIONSHIP_ENCOURAGE_ECONOMY,1,1
320,PEOPLE_RELATIONSHIP_WORK_ALLOCATION,WORKS_WITH,PEOPLE_RELATIONSHIP_WORK_ALLOCATION,1,1
659,CONTAINS_MEASUREMENT,CONTAINMENT_RELATIONSHIP,CONTAINS_MEASUREMENT,1,1
591,CONTAINS_SOIL_TYPE,CONTAINS_SOIL_TYPE,CONTAINS_SOIL_TYPE,1,1
456,CONTAINS_SPAWN,CONTAINMENT_RELATIONSHIP,CONTAINS_SPAWN,1,1
530,CONTRIBUTED_TO,CONTRIBUTION_RELATIONSHIP,CONTRIBUTED_TO,1,1
560,CONVERTED_TO,CONVERTED_FROM,CONVERTED_TO,1,1
598,POTTING_SOIL_COVERS,SOIL_COVERINGS,POTTING_SOIL_COVERS,1,1
300,PRACTICED_SINCE,START_DATE,PRACTICED_SINCE,1,1
271,PRACTICE_RELATED_TO,PRACTICE_RELATED_TO,PRACTICE_RELATED_TO,1,1
599,COMPLETELY_MILLED_TO_BLEACH,MILLED_TO_BLEACH,COMPLETELY_MILLED_TO_BLEACH,1,1
579,COMPRISED_OF,COMPRISE_RELATIONSHIP,COMPRISED_OF,1,1
522,CONDITIONALLY_REQUIRES,CONDITIONAL_DEPENDENCY,CONDITIONALLY_REQUIRES,1,1
513,CONSEQUENCE_OF,CAUSE_EFFECT,CONSEQUENCE_OF,1,1
524,CONSISTS_OF,PART_OF,CONSISTS_OF,1,1
364,CONSISTS_OF_SOIL_AND_MANURE,CONTAINS_ORGANIC_MATTER,CONSISTS_OF_SOIL_AND_MANURE,1,1
543,CONSUMED_IN,CONSUMPTION_RELATION,CONSUMED_IN,1,1
587,CONTAINS_IN_AVERAGE,CONTAINMENT_RELATIONSHIP,CONTAINS_IN_AVERAGE,1,1
312,PLANT_RETRANSPORTED_TO_BOARD,PLANT_TRANSPORTATION_STATUS_CHANGE,PLANT_RETRANSPORTED_TO_BOARD,1,1
652,PLOUGHED_WITH,FARMING_WITH,PLOUGHED_WITH,1,1
676,CLEANED_WITH,CLEANING_TOOL,CLEANED_WITH,1,1
507,COIFFES_IN_MONTH,HAIR_CUTS_PER_MONTH,COIFFES_IN_MONTH,1,1
680,COLOCATED_WITHIN,COLOCATED_WITH,COLOCATED_WITHIN,1,1
655,COMMON_NAME_OF_CROP,CROP_COMMON_NAME,COMMON_NAME_OF_CROP,1,1
369,COMPETES_WITH,COMPETITOR_OF,COMPETES_WITH,1,1
604,COMPETING_VARIETY_OF,COMPETITION_TYPE,COMPETING_VARIETY_OF,1,1
674,PLANTED_IN_DEPTH,PLANTING_DEPTH,PLANTED_IN_DEPTH,1,1
554,PLANTED_IN_FIRST_FORTNIGHT_OF_MONTH,PLANTED_IN_SPECIFIC_TIMEFRAME,PLANTED_IN_FIRST_FORTNIGHT_OF_MONTH,1,1
550,PLANTED_IN_MID_MARCH,PLANTING_TIME,PLANTED_IN_MID_MARCH,1,1
327,PLANTED_IN_SHADE,PLANTED_LOCATION_CONDITIONS,PLANTED_IN_SHADE,1,1
686,PLANTED_ON_BOARDS,PLACED_ON_SURFACE,PLANTED_ON_BOARDS,1,1
413,PLANTED_WITH_PRECAUTION,PLANTED_WITH_CARE,PLANTED_WITH_PRECAUTION,1,1
213,PLANTS_AT_LEAST_Apart,PLANT_LOCATION_MINIMUM_DISTANCE,PLANTS_AT_LEAST_Apart,1,1
119,PLANTS_IN_LAYERED_FORMAT,PLANT_LAYERING_RELATIONSHIP,PLANTS_IN_LAYERED_FORMAT,1,1
212,READY_TO_HARVEST_IN_WEEKS,TIME_UNTIL_MATURITY,READY_TO_HARVEST_IN_WEEKS,1,1
307,REASONING_ABOUT,REASONING_ABOUT,REASONING_ABOUT,1,1
407,RECEIVES_HOEING,RECEIVES_GARDENING,RECEIVES_HOEING,1,1
245,RECEIVES_SAME_CARE_AS,RECEIVES_SAME_TREATMENT_AS,RECEIVES_SAME_CARE_AS,1,1
673,RECIPIENT_OF,RECEIVER_OF,RECIPIENT_OF,1,1
334,REDUCES_WATERING_NEEDS_OF,IRRIGATION_EFFECT,REDUCES_WATERING_NEEDS_OF,1,1
636,REGENERATED_AT,REGENERATION_TIME,REGENERATED_AT,1,1
472,REJECTED_BY,REJECTION_RELATIONSHIP,REJECTED_BY,1,1
357,PULLED_OUT_AT,REMOVED_FROM,PULLED_OUT_AT,1,1
303,PUTTIED_WITH_FOUNTAIN_PUTTY,PUTTIED_WITH,PUTTIED_WITH_FOUNTAIN_PUTTY,1,1
517,RADISH_GROWN_AND_WATERED,RADISH_CARE_ACTIVITY,RADISH_GROWN_AND_WATERED,1,1
308,RAISED_BY_ON_NORTH_SIDE,RAISED_BY_ON_NORTH_SIDE,RAISED_BY_ON_NORTH_SIDE,1,1
211,RAKED_IN,EARNED_MONEY,RAKED_IN,1,1
528,RARELY_MARRY_OUTSIDE_OF,INTERMARRIAGE_PATTERN,RARELY_MARRY_OUTSIDE_OF,1,1
435,REACHES_LENGTH_OF,HAS_EXTENT,REACHES_LENGTH_OF,1,1
396,READY_TO_BE_CUT_AT_THE_SAME_TIME_AS,READY_TO_BE_CUT_TOGETHER,READY_TO_BE_CUT_AT_THE_SAME_TIME_AS,1,1
422,PROMOTES,PROMOTION,PROMOTES,1,1
669,PRONE_TO_PESTS,PRONE_TO_PROBLEMS,PRONE_TO_PESTS,1,1
372,PROTECTED_WITH_SAME_MEANS,SAME_PROTECTION_MEANS,PROTECTED_WITH_SAME_MEANS,1,1
225,PROVIDED_WITH_WATER_FROM_MANURE,RELATED_TO_MANURE_WATER_SUPPLY,PROVIDED_WITH_WATER_FROM_MANURE,1,1
502,PRUNED_FOR_HEALTH,PRUNING_REASON,PRUNED_FOR_HEALTH,1,1
584,PRUNED_USING_METHOD,PRUNED_BY_METHOD,PRUNED_USING_METHOD,1,1
635,PRUNED_WITHIN_PERIOD,PRUNE_RELATIONSHIP,PRUNED_WITHIN_PERIOD,1,1
230,PRUNE_AFTER_PLANTING,POST_PLANTING_MAINTENANCE,PRUNE_AFTER_PLANTING,1,1
534,PREDOMINANT_TYPE_OF_LETTUCE_IN_REGION,REGIONAL_LETUCE_VARIETY,PREDOMINANT_TYPE_OF_LETTUCE_IN_REGION,1,1
382,PREFERED_GROWTH_STAGE,PREFERRED_DEVELOPMENT_PHASE,PREFERED_GROWTH_STAGE,1,1
586,PREFERRED_SEASON,SEASONAL_PREFERENCE,PREFERRED_SEASON,1,1
266,PREFERRED_TEMPERATURE,PREFERRED_SETTING,PREFERRED_TEMPERATURE,1,1
497,PREVENTS_EVAPOARATION_OF,PREVENTS_LOSS_OF_SUBSTANCE,PREVENTS_EVAPOARATION_OF,1,1
478,PRICKED_OUT_IN,PRICKED_OUT_OF,PRICKED_OUT_IN,1,1
254,PRODUCES_IN_TOTAL,PRODUCTION_OUTPUT,PRODUCES_IN_TOTAL,1,1
516,PRODUCE_LARGE_ROOTS_IN_THE_WINTER,GROW_IN_WINTER,PRODUCE_LARGE_ROOTS_IN_THE_WINTER,1,1
504,CAN_BE_SOLD_FROM,CAN_BE_SOLD_FROM_LOCATION,CAN_BE_SOLD_FROM,1,1
643,CAN_STILL_BE_PLANTED,PLANTABILITY_STATUS,CAN_STILL_BE_PLANTED,1,1
634,CAN_WITHSTAND,RESISTANT_TO,CAN_WITHSTAND,1,1
503,CHARACTERIZED_BY_STEM_AND_CAP,CHARACTERISTIC_OF_MUSHROOM_PART,CHARACTERIZED_BY_STEM_AND_CAP,1,1
577,CHECKED_FOR,VERIFIED_STATUS,CHECKED_FOR,1,1
215,REQUIRES_MAINTENANCE_AT_STAGE,REQUIRES_MAINTENANCE,REQUIRES_MAINTENANCE_AT_STAGE,1,1
537,REQUIRES_REPLACEMENT_IN,REQUIRES_REPLACEMENT,REQUIRES_REPLACEMENT_IN,1,1
293,REQUIRES_SEED_QUANTITY,REQUIRES_INPUT_QUANTITY,REQUIRES_SEED_QUANTITY,1,1
525,BURIED_WITH,BURIAL_RELATIONSHIP,BURIED_WITH,1,1
639,CABBAGE_POMMENT_AGE,CABBAGE_HARVESTING_AGE,CABBAGE_POMMENT_AGE,1,1
464,CALAISSED_FROM,ORIGINATED_FROM,CALAISSED_FROM,1,1
569,CANTALOUPE_CROP_OF,CROP_OF_FRUIT,CANTALOUPE_CROP_OF,1,1
351,CAN_BE_FORCED_IN_NOVEMBER_WITH_16_CM_COMPOST_LAYER_AND_CLOVER,CONDITIONS_FOR_SUCCESSFUL_OVERWINTERING,CAN_BE_FORCED_IN_NOVEMBER_WITH_16_CM_COMPOST_LAYER_AND_CLOVER,1,1
592,CAN_BE_GROWN_AGAIN_IN,REGROWTH_POSSIBLE,CAN_BE_GROWN_AGAIN_IN,1,1
650,CAN_BE_MADE_FIRMER_BY,HARDENING_METHOD,CAN_BE_MADE_FIRMER_BY,1,1
640,CAN_BE_PESTED_BY,PEST_RELATION,CAN_BE_PESTED_BY,1,1
546,REPLACEBY_IN_SEASON,REPLACE_IN_SEASON,REPLACEBY_IN_SEASON,1,1
433,REPLANTED_EVERY_FOUR_OR_FIVE_YEARS_BY_DIVIDING_ROOTS_AND_REPLANTING_IN_BEDS,PROPAGATED_BY_DIVISION,REPLANTED_EVERY_FOUR_OR_FIVE_YEARS_BY_DIVIDING_ROOTS_AND_REPLANTING_IN_BEDS,1,1
296,REQUIRES Thickness,REQUIRES_PHYSICAL_PROPERTY,REQUIRES Thickness,1,1
690,REQUIRES_ATMOSPHERICCONDITION,REQUIRES_CONDITION,REQUIRES_ATMOSPHERICCONDITION,1,1
482,BENEFITS_ACCESSIBILITY,ACCESSIBILITY_BENEFIT,BENEFITS_ACCESSIBILITY,1,1
526,BENEFITS_FROM,HAS_BENEFIT,BENEFITS_FROM,1,1
465,BLANCHES_FROM,ORIGINATES_FROM,BLANCHES_FROM,1,1
479,BOUND_FOR_BLANCHING,BLANCHING_PURPOSE,BOUND_FOR_BLANCHING,1,1
105,RELATIONSHIP_TYPE_FRESHENED_WITH,FRESHENED_WITH_RELATIONSHIP_TYPE,RELATIONSHIP_TYPE_FRESHENED_WITH,1,1
541,RELIES_ON,DEPENDENCY,RELIES_ON,1,1
545,RELIGIOUS_CEREMONY_ATTENDED_BY,ATTENDEE_OF_RELIGIOUS_EVENT,RELIGIOUS_CEREMONY_ATTENDED_BY,1,1
380,RELOCATED_IN_MONTH,MOVED_TO_NEW_LOCATION,RELOCATED_IN_MONTH,1,1
294,REMOVED_FROM_PATHS_OF,REMOVED_FROM_PATH,REMOVED_FROM_PATHS_OF,1,1
226,REMOVES_SPREAD,REMOVES_SPREAD,REMOVES_SPREAD,1,1
325,REMOVE_DURING_PLANTING,REMOVE_DURING_PLANTING,REMOVE_DURING_PLANTING,1,1
177,RENEWED_APPEAL,APPEAL_RENEWAL,RENEWED_APPEAL,1,1
248,SOIL_CONDITION_IMPACTS_PLANT,SOIL_CONDITION_EFFECT_ON_PLANTS,SOIL_CONDITION_IMPACTS_PLANT,1,1
381,SOLD_AT_SAME_TIME_AS,SAME_PURCHASE_EVENT,SOLD_AT_SAME_TIME_AS,1,1
612,SOWN_AT_TIME_OF_YEAR,TIME_OF_SOWING,SOWN_AT_TIME_OF_YEAR,1,1
280,SPACING_DISTANCE,SPACING_RELATIONSHIP,SPACING_DISTANCE,1,1
156,SPECIFIC_TO_REGION,REGION_SPECIFIC,SPECIFIC_TO_REGION,1,1
648,SPREAD_ON_THE_BED,SPREADING_ON_FURNITURE,SPREAD_ON_THE_BED,1,1
436,SPREAD_OVER,DISTRIBUTION_OF_VALUE,SPREAD_OVER,1,1
337,SPRING_ASSOCIATED_EVENTS,SPRING_FRAMEWORK_EVENTS,SPRING_ASSOCIATED_EVENTS,1,1
512,SELECTED_BASED_ON_SHAPE,SELECTED_BASED_ON_SHAPE,SELECTED_BASED_ON_SHAPE,1,1
201,SELECTED_FOR_CONSUMPTION,SELECTED_FOR_USE,SELECTED_FOR_CONSUMPTION,1,1
498,SENSITIVE_TO_FROST,SENSITIVITY_TO_TEMPERATURE_EXTREMES,SENSITIVE_TO_FROST,1,1
272,SENT_TO_MARKET_AT,RELEASED_TO_MARKET,SENT_TO_MARKET_AT,1,1
276,SHADE PROVIDED_BY,PROVIDES_SHADE,SHADE PROVIDED_BY,1,1
155,SHAPED_BY,CAUSAL_RELATIONSHIP,SHAPED_BY,1,1
257,SHOULD_NOT_BE_OVER_WATERED,WATERING_RESTRICTIONS,SHOULD_NOT_BE_OVER_WATERED,1,1
255,SLIDE_AGAINST,COLLIDE_WITH,SLIDE_AGAINST,1,1
205,SCHEDULED_FOR,SCHEDULED_FOR,SCHEDULED_FOR,1,1
358,SEASONAL_ASSOCIATION_WITH_CROP_GROWTH_PERIODS,ASSOCIATED_WITH_CROP_GROWTH_PERIODS,SEASONAL_ASSOCIATION_WITH_CROP_GROWTH_PERIODS,1,1
176,SECOND_PLANTING_STUNTS_GROWTH,HINDERS_PLANT_DEVELOPMENT,SECOND_PLANTING_STUNTS_GROWTH,1,1
688,SEED_BEARING_LETTUCE_RETAINS_SEEDS_FOR,RETAIN_SEEDS_FOR_REPRODUCTION,SEED_BEARING_LETTUCE_RETAINS_SEEDS_FOR,1,1
611,SEED_HARVESTING_METHOD,SEED_PRODUCTION_METHOD,SEED_HARVESTING_METHOD,1,1
558,SEED_LENGTH_COMPARISON,LENGTH_COMPARISON,SEED_LENGTH_COMPARISON,1,1
210,SEED_SOURCES,SEEDING_RELATIONS,SEED_SOURCES,1,1
274,SELECTED_AFTER_PRUNING,SELECTED_AFTER_FILTERING,SELECTED_AFTER_PRUNING,1,1
192,REQUIRES_SHELTERING_WITH_BEDDING_UNDER_FROST,REQUIRES_PROTECTION_FROM_EXTREMES,REQUIRES_SHELTERING_WITH_BEDDING_UNDER_FROST,1,1
395,REQUIRES_SPECIAL_STORAGE,SPECIAL_STORAGE_REQUIREMENT,REQUIRES_SPECIAL_STORAGE,1,1
179,REQUIRES_SUPPORT_AFTER_PLANTING,REQUIRES_POST_PLANTING_CARE,REQUIRES_SUPPORT_AFTER_PLANTING,1,1
186,RESULTS_IN,CAUSES,RESULTS_IN,1,1
667,RETAINS.VERTICAL_DIRECTION,RETAIN_VERTICAL_DIRECTION,RETAINS.VERTICAL_DIRECTION,1,1
576,RETRANSPLANTATION_DONE_ON,RETRANSPLANTATION_OCCURRED,RETRANSPLANTATION_DONE_ON,1,1
457,RIPENS_SEED_IN,CAUSES_FRUIT_TO_RIPEN,RIPENS_SEED_IN,1,1
200,RIPE_FROM,SOURCE_OF_INFORMATION,RIPE_FROM,1,1
590,-has_condition-relationship,HAS_CONDITION,-has_condition-relationship,1,1
114,USED_IN_CONSTRUCTION_OF,USED_IN_CONSTRUCTION_OF,USED_IN_CONSTRUCTION_OF,1,1
289,USED_IN_GROWTH_OF,USED_IN_BIOLOGICAL_PROCESS,USED_IN_GROWTH_OF,1,1
304,USED_IN_LAYER,USED_IN_LAYER,USED_IN_LAYER,1,1
317,USED_IN_METHOD,USED_IN_CODE,USED_IN_METHOD,1,1
523,YIELDS_IN,YIELDS_IN,YIELDS_IN,1,1
278,USED_IN_SPECIFIC_AGRICULTURAL_PRACTICE,USED_IN_AGRICULTURE,USED_IN_SPECIFIC_AGRICULTURAL_PRACTICE,1,1
178,WAITED_UNTIL_PICKING_DATE,WAIT_FOR_SPECIFIC_DATE,WAITED_UNTIL_PICKING_DATE,1,1
499,ARE_CUT_FLUSH_WITH_THE_GROUND_IF THEY_ARE_DRY,ARE_CUT_DOWN_IF_DRY,ARE_CUT_FLUSH_WITH_THE_GROUND_IF THEY_ARE_DRY,1,1
393,ARE_LIGHTLY_TILLED,TILLING_STATUS,ARE_LIGHTLY_TILLED,1,1
238,USED_BEFORE,PREVIOUSLY_USED,USED_BEFORE,1,1
221,USED_FOR_BEATING,BEAT_WITH,USED_FOR_BEATING,1,1
342,USED_FOR_COOKING,COOKING_PURPOSE,USED_FOR_COOKING,1,1
556,USED_FOR_CUTTING,CUTTING_PURPOSE,USED_FOR_CUTTING,1,1
338,USED_FOR_TRANSPORTATION,TRANSPORTATION_PURPOSE,USED_FOR_TRANSPORTATION,1,1
318,USED_FOR_TYING,BINDING,USED_FOR_TYING,1,1
490,TRANSPORTED_OR_PLANTED_IN,MOVED_TO_LOCATION,TRANSPORTED_OR_PLANTED_IN,1,1
447,AFFECTED_BY_ROT,AFFECTED_BY_ROTATION,AFFECTED_BY_ROT,1,1
606,AFFECTED_BY_SEASONAL_CHANGES,AFFECTED_BY_NATURAL_EVENTS,AFFECTED_BY_SEASONAL_CHANGES,1,1
557,AFFECTED_BY_WATER_LOVING,AFFECTED_BY_WATER,AFFECTED_BY_WATER_LOVING,1,1
443,AFFECTS_LOCAL_MARKET_GARDENERS_COMPETITIVENESS_DUE_TO_FACTOR,AFFECTS_COMPETITIVENESS,AFFECTS_LOCAL_MARKET_GARDENERS_COMPETITIVENESS_DUE_TO_FACTOR,1,1
672,AFFECTS_YIELD,AFFECTS_PRODUCTIVITY,AFFECTS_YIELD,1,1
631,AIMED_AT_PRODUCING_MANUAL_FOR,AIMED_AT_PRODUCING_RESOURCE_FOR,AIMED_AT_PRODUCING_MANUAL_FOR,1,1
603,APPLY_TREATMENT_ON_AREA,TREAT_AREA,APPLY_TREATMENT_ON_AREA,1,1
683,BELL_MARKED_AT,MARKED_AT,BELL_MARKED_AT,1,1
596,BELL_PLACEMENT_MONTH,BELL_PLACEMENT_PERIOD,BELL_PLACEMENT_MONTH,1,1
539,SUMMER_CROP,SEASONAL_CROP,SUMMER_CROP,1,1
246,SURROUNDED_BY,ENCLOSED_BY,SURROUNDED_BY,1,1
190,TAKES_TIME_TO_BECOME_FERTILE_AND_EASY_TO_CULTIVATE,TIME_TO_MATURITY,TAKES_TIME_TO_BECOME_FERTILE_AND_EASY_TO_CULTIVATE,1,1
135,TIME_OF_TRANSPLANT,TRANSPLANT_TIME,TIME_OF_TRANSPLANT,1,1
619,TRANSLANTED_TWICE,DUPLICATE_TRANSLATION,TRANSLANTED_TWICE,1,1
196,TRANSPLANTING_PRACTICE,MEDICAL_PROCEDURE,TRANSPLANTING_PRACTICE,1,1
491,GROWTH_RATE_COMPARISON,GROWTH_RATE_RELATIONSHIP,GROWTH_RATE_COMPARISON,1,1
406,GROWTH_RESTRICTED_IN,GROWTH_RESTRICTION_STATUS,GROWTH_RESTRICTED_IN,1,1
566,GROWTH_STAGE_OCCURS_AFTER,SEQUENTIAL_RELATIONSHIP,GROWTH_STAGE_OCCURS_AFTER,1,1
573,HAD_COMPETITION_OPEN,COMPETITION_STATUS,HAD_COMPETITION_OPEN,1,1
495,HAIR_FAVORABLE_FOR_GROWTH_IN,HAIR_CONDUCIVE_TO_GROWTH,HAIR_FAVORABLE_FOR_GROWTH_IN,1,1
445,HANDLED_BY_SPECIFIC_GROUP_OF_PEOPLE,HANDLED_BY_SPECIFIC_GROUP,HANDLED_BY_SPECIFIC_GROUP_OF_PEOPLE,1,1
623,HAND_PLANTED,PLANTING_METHOD,HAND_PLANTED,1,1
449,HAPPENS_BEFORE,TEMPORAL_RELATIONSHIP,HAPPENS_BEFORE,1,1
418,UNDERGOES_PROCESS,UNDERGOES_ACTION,UNDERGOES_PROCESS,1,1
487,UNSUITABLE_FOR_GROWING,NOT_SUITABLE_FOR_PLANT_GROWTH,UNSUITABLE_FOR_GROWING,1,1
183,URINE_AFFECTS,SUBSTANCE_EFFECT,URINE_AFFECTS,1,1
585,USED_AS_CONDIMENT_IN,USED_AS_CONDIMENT,USED_AS_CONDIMENT_IN,1,1
620,USED_AS_MATERIAL_FOR,MATERIAL_RELATIONSHIP,USED_AS_MATERIAL_FOR,1,1
253,GROWN_IN_MONTHS_OF_THE_YEAR,MONTHLY_GROWTH_PERIOD,GROWN_IN_MONTHS_OF_THE_YEAR,1,1
581,GROWN_ON_COASTAL_REGIONS,REGION_OF_ORIGIN,GROWN_ON_COASTAL_REGIONS,1,1
409,GROWS_INTO_FRUIT,TRANSFORMS_INTO_FOOD,GROWS_INTO_FRUIT,1,1
444,TREATED_WITH_POTTING_SOIL,CONTAINS_MATERIAL,TREATED_WITH_POTTING_SOIL,1,1
242,TREATED_WITH_THERMOSIPHON_DEVICE,TREATED_WITH_THERMAL_EQUIPMENT,TREATED_WITH_THERMOSIPHON_DEVICE,1,1
483,TREATED_WITH_WATER_TYPE,WATER_TREATMENT_METHOD,TREATED_WITH_WATER_TYPE,1,1
241,TRENCH_BEDDED_WITH,CONTAINS_TRENCH,TRENCH_BEDDED_WITH,1,1
120,TRIGGERED_IN_CONDITIONS,CONDITION_TRIGGERING,TRIGGERED_IN_CONDITIONS,1,1
115,TURNED_OVER,TRANSFERRED_OWNERSHIP,TURNED_OVER,1,1
173,TURNS_THE,TURNS_INTO,TURNS_THE,1,1
229,UNAFFECTED_BY,UNRELATED_TO,UNAFFECTED_BY,1,1
139,WATERCRESS_SORREL_RELATED_TO,RELATED_TO_GREENS,WATERCRESS_SORREL_RELATED_TO,1,1
675,ARE_NOT_FOUND_IN,NOT_CONTAIN,ARE_NOT_FOUND_IN,1,1
494,ARE_STUFFED_AND_RELINED_IN,REPAIR_OR_RECONDITION,ARE_STUFFED_AND_RELINED_IN,1,1
605,ARE_TRANSPLANTED_INTO_BOXES,CONTAINER_RELATIONSHIP,ARE_TRANSPLANTED_INTO_BOXES,1,1
477,ARElined_WITH,CONTAINING,ARElined_WITH,1,1
633,ARRANGED_IN,ARRANGEMENT_RELATION,ARRANGED_IN,1,1
378,ARRANGED_UNDERNEATH_OF,LOCATED_BELOW,ARRANGED_UNDERNEATH_OF,1,1
310,TREATED_UNDER_CONDITIONS,TREATED_UNDER_CONDITIONS,TREATED_UNDER_CONDITIONS,1,1
