cluster_id,name,count,representative,representative_llm,representative_llm_free
0,BOARD_RETAINS_MOISTURE,1,MAINTAINED_WITH,BOARD_RETAINS_MOISTURE,PRESERVES_CONDITION
0,COVERED_TO_MAINTAIN_COLOR,1,MAINTAINED_WITH,BOARD_RETAINS_MOISTURE,PRESERVES_CONDITION
0,MAINTAINED_AT_DISTANCE_FROM,1,MAINTAINED_WITH,BOARD_RETAINS_MOISTURE,PRESERVES_CONDITION
0,MAINTAINED_WITH,1,MAINTAINED_WITH,BOARD_RETAINS_MOISTURE,PRESERVES_CONDITION
0,REMAINS_HEALTHY_UNTIL,1,MAINTAINED_WITH,BOARD_RETAINS_MOISTURE,PRESERVES_CONDITION
0,RETAINS_MOISTURE_IN,1,MAINTAINED_WITH,BOARD_RETAINS_MOISTURE,PRESERVES_CONDITION
0,RETAINS_WHITENESS_METHOD,1,MAINTAINED_WITH,BOARD_RETAINS_MOISTURE,PRESERVES_CONDITION
0,WHITE_COLOR_PRESERVED,1,MAINTAINED_WITH,BOARD_RETAINS_MOISTURE,PRESERVES_CONDITION
1,IS_USED_IN,17,IS_USED_IN,IS_USED_IN,UTILIZES_EQUIPMENT_OR_MATERIALS
1,IS_USED_FOR,7,IS_USED_IN,IS_USED_IN,UTILIZES_EQUIPMENT_OR_MATERIALS
1,USED_WITH,7,IS_USED_IN,IS_USED_IN,UTILIZES_EQUIPMENT_OR_MATERIALS
1,USES_EQUIPMENT,7,IS_USED_IN,IS_USED_IN,UTILIZES_EQUIPMENT_OR_MATERIALS
1,IS_USED_BY,6,IS_USED_IN,IS_USED_IN,UTILIZES_EQUIPMENT_OR_MATERIALS
1,EQUIPPED_WITH,5,IS_USED_IN,IS_USED_IN,UTILIZES_EQUIPMENT_OR_MATERIALS
1,USED_FOR_BASE_OF,2,IS_USED_IN,IS_USED_IN,UTILIZES_EQUIPMENT_OR_MATERIALS
1,USED_IN_RECIPE,2,IS_USED_IN,IS_USED_IN,UTILIZES_EQUIPMENT_OR_MATERIALS
1,USES,2,IS_USED_IN,IS_USED_IN,UTILIZES_EQUIPMENT_OR_MATERIALS
1,WORKS_AT,2,IS_USED_IN,IS_USED_IN,UTILIZES_EQUIPMENT_OR_MATERIALS
1,APPLIED_WITH,1,IS_USED_IN,IS_USED_IN,UTILIZES_EQUIPMENT_OR_MATERIALS
1,CONSUMED_DURING,1,IS_USED_IN,IS_USED_IN,UTILIZES_EQUIPMENT_OR_MATERIALS
1,DELIVERED_FOR_CONSUMPTION,1,IS_USED_IN,IS_USED_IN,UTILIZES_EQUIPMENT_OR_MATERIALS
1,EQUIPMENT_FOR,1,IS_USED_IN,IS_USED_IN,UTILIZES_EQUIPMENT_OR_MATERIALS
1,EQUIPMENT_USED_FOR,1,IS_USED_IN,IS_USED_IN,UTILIZES_EQUIPMENT_OR_MATERIALS
1,EQUIPPED_WITH_BORDOIR,1,IS_USED_IN,IS_USED_IN,UTILIZES_EQUIPMENT_OR_MATERIALS
1,FIELD_ARRANGEMENT_USING_TOOLS_AND_EQUIPMENT,1,IS_USED_IN,IS_USED_IN,UTILIZES_EQUIPMENT_OR_MATERIALS
1,HAS_EQUIPMENT,1,IS_USED_IN,IS_USED_IN,UTILIZES_EQUIPMENT_OR_MATERIALS
1,HAS_EQUIPMENT_TYPE,1,IS_USED_IN,IS_USED_IN,UTILIZES_EQUIPMENT_OR_MATERIALS
1,HAS_MATERIAL,1,IS_USED_IN,IS_USED_IN,UTILIZES_EQUIPMENT_OR_MATERIALS
1,HAS_STRUCTURE_AND_EQUIPMENT,1,IS_USED_IN,IS_USED_IN,UTILIZES_EQUIPMENT_OR_MATERIALS
1,HAS_TOOL,1,IS_USED_IN,IS_USED_IN,UTILIZES_EQUIPMENT_OR_MATERIALS
1,PRACTICE_RELATED_TO,1,IS_USED_IN,IS_USED_IN,UTILIZES_EQUIPMENT_OR_MATERIALS
1,PRACTICED_ON,1,IS_USED_IN,IS_USED_IN,UTILIZES_EQUIPMENT_OR_MATERIALS
1,PRACTISED_IN,1,IS_USED_IN,IS_USED_IN,UTILIZES_EQUIPMENT_OR_MATERIALS
1,RELEASED_FOR_CONSUMPTION,1,IS_USED_IN,IS_USED_IN,UTILIZES_EQUIPMENT_OR_MATERIALS
1,SET_UP_FARMING_EQUIPMENT,1,IS_USED_IN,IS_USED_IN,UTILIZES_EQUIPMENT_OR_MATERIALS
1,SETUP_EQUIPMENT,1,IS_USED_IN,IS_USED_IN,UTILIZES_EQUIPMENT_OR_MATERIALS
1,USE_IN_TIME_OF_TEMPERATURE_OF_MONTHS_IN_YEAR,1,IS_USED_IN,IS_USED_IN,UTILIZES_EQUIPMENT_OR_MATERIALS
1,USED_AS_FERTILIZER,1,IS_USED_IN,IS_USED_IN,UTILIZES_EQUIPMENT_OR_MATERIALS
1,USED_AS_INPUT_FOR,1,IS_USED_IN,IS_USED_IN,UTILIZES_EQUIPMENT_OR_MATERIALS
1,USED_AS_MULTIPURPOSE_RESOURCE,1,IS_USED_IN,IS_USED_IN,UTILIZES_EQUIPMENT_OR_MATERIALS
1,USED_BY_EQUIPMENT,1,IS_USED_IN,IS_USED_IN,UTILIZES_EQUIPMENT_OR_MATERIALS
1,USED_FOR_CONSUMPTION,1,IS_USED_IN,IS_USED_IN,UTILIZES_EQUIPMENT_OR_MATERIALS
1,USED_FOR_MEASURING_TEMPERATURE,1,IS_USED_IN,IS_USED_IN,UTILIZES_EQUIPMENT_OR_MATERIALS
1,USED_FOR_PLANTING,1,IS_USED_IN,IS_USED_IN,UTILIZES_EQUIPMENT_OR_MATERIALS
1,USED_FOR_PRODUCTION,1,IS_USED_IN,IS_USED_IN,UTILIZES_EQUIPMENT_OR_MATERIALS
1,USED_FOR_WATERING,1,IS_USED_IN,IS_USED_IN,UTILIZES_EQUIPMENT_OR_MATERIALS
1,USED_IN_CONJUNCTION_WITH,1,IS_USED_IN,IS_USED_IN,UTILIZES_EQUIPMENT_OR_MATERIALS
1,USED_IN_PREPARATION_OF,1,IS_USED_IN,IS_USED_IN,UTILIZES_EQUIPMENT_OR_MATERIALS
1,USED_IN_QUANTITY,1,IS_USED_IN,IS_USED_IN,UTILIZES_EQUIPMENT_OR_MATERIALS
1,USED_ON,1,IS_USED_IN,IS_USED_IN,UTILIZES_EQUIPMENT_OR_MATERIALS
1,USED_ON_LAYERS,1,IS_USED_IN,IS_USED_IN,UTILIZES_EQUIPMENT_OR_MATERIALS
1,USED_TO_PREPARE,1,IS_USED_IN,IS_USED_IN,UTILIZES_EQUIPMENT_OR_MATERIALS
1,USES_AS_FERTILIZER,1,IS_USED_IN,IS_USED_IN,UTILIZES_EQUIPMENT_OR_MATERIALS
1,USES_MACHINE,1,IS_USED_IN,IS_USED_IN,UTILIZES_EQUIPMENT_OR_MATERIALS
1,USES_TO_CONTROL_PESTS,1,IS_USED_IN,IS_USED_IN,UTILIZES_EQUIPMENT_OR_MATERIALS
1,WORKED_ON,1,IS_USED_IN,IS_USED_IN,UTILIZES_EQUIPMENT_OR_MATERIALS
1,WORKED_WITH,1,IS_USED_IN,IS_USED_IN,UTILIZES_EQUIPMENT_OR_MATERIALS
1,WORKS_WITH,1,IS_USED_IN,IS_USED_IN,UTILIZES_EQUIPMENT_OR_MATERIALS
2,USEFUL_FOR,5,USEFUL_FOR,USEFUL_FOR,RELEVANT_TO
2,ALTERNATIVE_OF,1,USEFUL_FOR,USEFUL_FOR,RELEVANT_TO
2,INTENDED_TO_HELP,1,USEFUL_FOR,USEFUL_FOR,RELEVANT_TO
2,IS_RECOMMENDED_FOR,1,USEFUL_FOR,USEFUL_FOR,RELEVANT_TO
2,RECOMMENDED_FOR_SLOPE_TYPE,1,USEFUL_FOR,USEFUL_FOR,RELEVANT_TO
2,SERVES_AS_ALTERNATIVE,1,USEFUL_FOR,USEFUL_FOR,RELEVANT_TO
2,IS_SUITABLE_FOR,1,USEFUL_FOR,USEFUL_FOR,RELEVANT_TO
3,INVOLVES_REMOVAL_OF,1,REDUCED_TO,INVOLVES_REMOVAL_OF,REMOVED_FROM
3,NEEDS_REMOVAL,1,REDUCED_TO,INVOLVES_REMOVAL_OF,REMOVED_FROM
3,REDUCED_TO,1,REDUCED_TO,INVOLVES_REMOVAL_OF,REMOVED_FROM
3,REMOVE_IN_MONTH,1,REDUCED_TO,INVOLVES_REMOVAL_OF,REMOVED_FROM
3,THIN_OUT_BY_REMOVING,1,REDUCED_TO,INVOLVES_REMOVAL_OF,REMOVED_FROM
3,THIN_OUT_BY_REMOVING_FOR_SALE,1,REDUCED_TO,INVOLVES_REMOVAL_OF,REMOVED_FROM
3,THINNED_OUT_IN,1,REDUCED_TO,INVOLVES_REMOVAL_OF,REMOVED_FROM
4,COMPARED_TO,3,COMPARED_TO,DIFFERS_FROM,SIMILARITY_RELATIONSHIP
4,DIFFERS_FROM,2,COMPARED_TO,DIFFERS_FROM,SIMILARITY_RELATIONSHIP
4,IS_DISTINGUISHED_BY,2,COMPARED_TO,DIFFERS_FROM,SIMILARITY_RELATIONSHIP
4,COMPARABLE_TO,1,COMPARED_TO,DIFFERS_FROM,SIMILARITY_RELATIONSHIP
4,CAN_BE_COMPETED_WITH_BY,1,COMPARED_TO,DIFFERS_FROM,SIMILARITY_RELATIONSHIP
4,DIFFERENT_FROM,1,COMPARED_TO,DIFFERS_FROM,SIMILARITY_RELATIONSHIP
4,IS_GROUPED_WITH,1,COMPARED_TO,DIFFERS_FROM,SIMILARITY_RELATIONSHIP
4,RESEMBLES,1,COMPARED_TO,DIFFERS_FROM,SIMILARITY_RELATIONSHIP
4,SYNONYMOUS_WITH,1,COMPARED_TO,DIFFERS_FROM,SIMILARITY_RELATIONSHIP
5,IS_MADE_OF,8,IS_MADE_OF,IS_MADE_OF,COMPOSED_OF
5,BUILT_AGAINST,1,IS_MADE_OF,IS_MADE_OF,COMPOSED_OF
5,IS_COMPOSED_OF,1,IS_MADE_OF,IS_MADE_OF,COMPOSED_OF
5,MADE_FROM,1,IS_MADE_OF,IS_MADE_OF,COMPOSED_OF
5,MANUFACTURED_WITH,1,IS_MADE_OF,IS_MADE_OF,COMPOSED_OF
5,SEWN_WITH,1,IS_MADE_OF,IS_MADE_OF,COMPOSED_OF
6,CROP_GROWTH_STAGE_RELATIONSHIP,2,PEOPLE_RELATIONSHIPS,CROP_GROWTH_STAGE_RELATIONSHIP,ENTITY_ASSOCIATIONS
6,PEOPLE_RELATIONSHIPS,2,PEOPLE_RELATIONSHIPS,CROP_GROWTH_STAGE_RELATIONSHIP,ENTITY_ASSOCIATIONS
6,CROP_RELATIONSHIP,1,PEOPLE_RELATIONSHIPS,CROP_GROWTH_STAGE_RELATIONSHIP,ENTITY_ASSOCIATIONS
6,ECONOMIC_RELATIONSHIP,1,PEOPLE_RELATIONSHIPS,CROP_GROWTH_STAGE_RELATIONSHIP,ENTITY_ASSOCIATIONS
6,PURCHASE_RELATIONSHIP,1,PEOPLE_RELATIONSHIPS,CROP_GROWTH_STAGE_RELATIONSHIP,ENTITY_ASSOCIATIONS
6,RELATIONSHIP_BUILT_WITH,1,PEOPLE_RELATIONSHIPS,CROP_GROWTH_STAGE_RELATIONSHIP,ENTITY_ASSOCIATIONS
6,RELATIONSHIP_TYPE_FARMED_IN,1,PEOPLE_RELATIONSHIPS,CROP_GROWTH_STAGE_RELATIONSHIP,ENTITY_ASSOCIATIONS
6,RELATIONSHIP_WITH_FARMERS,1,PEOPLE_RELATIONSHIPS,CROP_GROWTH_STAGE_RELATIONSHIP,ENTITY_ASSOCIATIONS
6,WEATHER_CLIMATE_RELATIONSHIP,1,PEOPLE_RELATIONSHIPS,CROP_GROWTH_STAGE_RELATIONSHIP,ENTITY_ASSOCIATIONS
6,YIELD_RELATIONSHIPS,1,PEOPLE_RELATIONSHIPS,CROP_GROWTH_STAGE_RELATIONSHIP,ENTITY_ASSOCIATIONS
7,FACE_SOUTH,1,MOVE_BACK,FACE_SOUTH,DIRECTIONAL_ORIENTATION
7,FACES_EAST_TO_WEST,1,MOVE_BACK,FACE_SOUTH,DIRECTIONAL_ORIENTATION
7,MOVE_BACK,1,MOVE_BACK,FACE_SOUTH,DIRECTIONAL_ORIENTATION
7,SLOPED_TOWARDS,1,MOVE_BACK,FACE_SOUTH,DIRECTIONAL_ORIENTATION
8,IS_LOCATED_IN,13,IS_LOCATED_IN,IS_LOCATED_IN,ASSOCIATED_WITH
8,IS_RELATED_TO,6,IS_LOCATED_IN,IS_LOCATED_IN,ASSOCIATED_WITH
8,AUTHORED_BY,5,IS_LOCATED_IN,IS_LOCATED_IN,ASSOCIATED_WITH
8,RELATES_TO,5,IS_LOCATED_IN,IS_LOCATED_IN,ASSOCIATED_WITH
8,INTRODUCED_BY,3,IS_LOCATED_IN,IS_LOCATED_IN,ASSOCIATED_WITH
8,MENTIONED_IN,3,IS_LOCATED_IN,IS_LOCATED_IN,ASSOCIATED_WITH
8,STORED_IN,3,IS_LOCATED_IN,IS_LOCATED_IN,ASSOCIATED_WITH
8,LOCATED_AT,2,IS_LOCATED_IN,IS_LOCATED_IN,ASSOCIATED_WITH
8,PUBLISHED_BY,2,IS_LOCATED_IN,IS_LOCATED_IN,ASSOCIATED_WITH
8,APPOINTED_BY,1,IS_LOCATED_IN,IS_LOCATED_IN,ASSOCIATED_WITH
8,ASSOCIATED_WITH_PROFESSION,1,IS_LOCATED_IN,IS_LOCATED_IN,ASSOCIATED_WITH
8,ATTACHED_TO,1,IS_LOCATED_IN,IS_LOCATED_IN,ASSOCIATED_WITH
8,ATTACHED_TO_PROFESSION,1,IS_LOCATED_IN,IS_LOCATED_IN,ASSOCIATED_WITH
8,BASED_ON,1,IS_LOCATED_IN,IS_LOCATED_IN,ASSOCIATED_WITH
8,BELONGS_TO,1,IS_LOCATED_IN,IS_LOCATED_IN,ASSOCIATED_WITH
8,CONDUCTED_BY,1,IS_LOCATED_IN,IS_LOCATED_IN,ASSOCIATED_WITH
8,CONNECTED_TO,1,IS_LOCATED_IN,IS_LOCATED_IN,ASSOCIATED_WITH
8,CONTRIBUTED_BY,1,IS_LOCATED_IN,IS_LOCATED_IN,ASSOCIATED_WITH
8,DEFINED_AS,1,IS_LOCATED_IN,IS_LOCATED_IN,ASSOCIATED_WITH
8,DERIVED_FROM,1,IS_LOCATED_IN,IS_LOCATED_IN,ASSOCIATED_WITH
8,DESCRIBED_AT,1,IS_LOCATED_IN,IS_LOCATED_IN,ASSOCIATED_WITH
8,DESCRIBED_BY,1,IS_LOCATED_IN,IS_LOCATED_IN,ASSOCIATED_WITH
8,FOCUSSED_ON,1,IS_LOCATED_IN,IS_LOCATED_IN,ASSOCIATED_WITH
8,HAILS_FROM,1,IS_LOCATED_IN,IS_LOCATED_IN,ASSOCIATED_WITH
8,IMPORTED_FROM,1,IS_LOCATED_IN,IS_LOCATED_IN,ASSOCIATED_WITH
8,INSTALLED_AT,1,IS_LOCATED_IN,IS_LOCATED_IN,ASSOCIATED_WITH
8,INSTALLED_IN,1,IS_LOCATED_IN,IS_LOCATED_IN,ASSOCIATED_WITH
8,ISLOCATED_IN,1,IS_LOCATED_IN,IS_LOCATED_IN,ASSOCIATED_WITH
8,LOCATED_BESIDE,1,IS_LOCATED_IN,IS_LOCATED_IN,ASSOCIATED_WITH
8,LOCATED_NEAR,1,IS_LOCATED_IN,IS_LOCATED_IN,ASSOCIATED_WITH
8,IS_LOCATED_UNDER,1,IS_LOCATED_IN,IS_LOCATED_IN,ASSOCIATED_WITH
8,MANAGED_BY,1,IS_LOCATED_IN,IS_LOCATED_IN,ASSOCIATED_WITH
8,MARRIED_TO,1,IS_LOCATED_IN,IS_LOCATED_IN,ASSOCIATED_WITH
8,OBTAINED_FROM,1,IS_LOCATED_IN,IS_LOCATED_IN,ASSOCIATED_WITH
8,OCCURS_IN,1,IS_LOCATED_IN,IS_LOCATED_IN,ASSOCIATED_WITH
8,OWNED_BY,1,IS_LOCATED_IN,IS_LOCATED_IN,ASSOCIATED_WITH
8,PLACED_IN,1,IS_LOCATED_IN,IS_LOCATED_IN,ASSOCIATED_WITH
8,PLACED_NEARBY,1,IS_LOCATED_IN,IS_LOCATED_IN,ASSOCIATED_WITH
8,PLACED_ONTO,1,IS_LOCATED_IN,IS_LOCATED_IN,ASSOCIATED_WITH
8,POWERED_BY,1,IS_LOCATED_IN,IS_LOCATED_IN,ASSOCIATED_WITH
8,RECRUITED_BY,1,IS_LOCATED_IN,IS_LOCATED_IN,ASSOCIATED_WITH
8,SUPPORTED_BY,1,IS_LOCATED_IN,IS_LOCATED_IN,ASSOCIATED_WITH
8,TIED_WITH,1,IS_LOCATED_IN,IS_LOCATED_IN,ASSOCIATED_WITH
9,ALTERNATIVELY_FOR_SOIL_TYPE,1,SOIL_TYPES,SOIL_TYPE_RELATIONSHIP,SOIL_CONDITIONS_RELATIONSHIP
9,CROP_REQUIRES_SPECIFIC_SOIL_CONDITION,1,SOIL_TYPES,SOIL_TYPE_RELATIONSHIP,SOIL_CONDITIONS_RELATIONSHIP
9,FERTILIZER_APPLIED_TO_SOIL_TYPE,1,SOIL_TYPES,SOIL_TYPE_RELATIONSHIP,SOIL_CONDITIONS_RELATIONSHIP
9,FERTILIZER_TYPES,1,SOIL_TYPES,SOIL_TYPE_RELATIONSHIP,SOIL_CONDITIONS_RELATIONSHIP
9,PREFFERED_FOR_SOIL_TYPE,1,SOIL_TYPES,SOIL_TYPE_RELATIONSHIP,SOIL_CONDITIONS_RELATIONSHIP
9,SOIL_COMPONENTS_RELATIONSHIP,1,SOIL_TYPES,SOIL_TYPE_RELATIONSHIP,SOIL_CONDITIONS_RELATIONSHIP
9,SOIL_LACKS_COHESION,1,SOIL_TYPES,SOIL_TYPE_RELATIONSHIP,SOIL_CONDITIONS_RELATIONSHIP
9,SOIL_TREATMENT_RELATIONSHIP,1,SOIL_TYPES,SOIL_TYPE_RELATIONSHIP,SOIL_CONDITIONS_RELATIONSHIP
9,SOIL_TYPE_RELATIONSHIP,1,SOIL_TYPES,SOIL_TYPE_RELATIONSHIP,SOIL_CONDITIONS_RELATIONSHIP
9,SOIL_TYPE_REQUIRED_FOR_PLANTING,1,SOIL_TYPES,SOIL_TYPE_RELATIONSHIP,SOIL_CONDITIONS_RELATIONSHIP
9,SOIL_TYPE_REQUIRES_FATTY_FERTILIZER,1,SOIL_TYPES,SOIL_TYPE_RELATIONSHIP,SOIL_CONDITIONS_RELATIONSHIP
9,SOIL_TYPE_REQUIRES_LIGHTER_FERTILIZER,1,SOIL_TYPES,SOIL_TYPE_RELATIONSHIP,SOIL_CONDITIONS_RELATIONSHIP
9,SOIL_TYPES,1,SOIL_TYPES,SOIL_TYPE_RELATIONSHIP,SOIL_CONDITIONS_RELATIONSHIP
10,GREY_ROMAINE_IS_PLANTED_IN,2,GREY_ROMAINE_IS_PLANTED_IN,GREY_ROMAINE_IS_PLANTED_IN,GREY_ROMAINE_CULTIVATION
10,GREEN_ROMAINE_WAS_SOWN_AND_PLANTED_IN,1,GREY_ROMAINE_IS_PLANTED_IN,GREY_ROMAINE_IS_PLANTED_IN,GREY_ROMAINE_CULTIVATION
10,GREY_ROMAINE_IS_HARVESTED_BEFORE_FROSTS,1,GREY_ROMAINE_IS_PLANTED_IN,GREY_ROMAINE_IS_PLANTED_IN,GREY_ROMAINE_CULTIVATION
10,GREY_ROMAINE_IS_REPLACED_BY_ESCAROLE_AND_CHICORY,1,GREY_ROMAINE_IS_PLANTED_IN,GREY_ROMAINE_IS_PLANTED_IN,GREY_ROMAINE_CULTIVATION
10,GREY_ROMAINE_IS_SOWN_IN_SUMMER,1,GREY_ROMAINE_IS_PLANTED_IN,GREY_ROMAINE_IS_PLANTED_IN,GREY_ROMAINE_CULTIVATION
10,GREY_ROMAINE_WAS_SOWN_AND_PLANTED_IN,1,GREY_ROMAINE_IS_PLANTED_IN,GREY_ROMAINE_IS_PLANTED_IN,GREY_ROMAINE_CULTIVATION
11,BREAKS_UP_TO_DEPTH,1,BREAKS_UP_TO_DEPTH,BREAKS_UP_TO_DEPTH,DEPTH_MEASUREMENT
11,BURIED_AT_DEPTH_OF,1,BREAKS_UP_TO_DEPTH,BREAKS_UP_TO_DEPTH,DEPTH_MEASUREMENT
11,PLANTED_IN_BEDS_AT_SPECIFIC_DEPTH,1,BREAKS_UP_TO_DEPTH,BREAKS_UP_TO_DEPTH,DEPTH_MEASUREMENT
11,PLANTED_WITH_POTTING_SOIL_OF_DEPTH_IN_MILLIMETERS,1,BREAKS_UP_TO_DEPTH,BREAKS_UP_TO_DEPTH,DEPTH_MEASUREMENT
11,SEED_PLANTED_AT_DEPTH_OF_IN_MILLIMETERS_AND_WEIGHT_IN_GRAMS,1,BREAKS_UP_TO_DEPTH,BREAKS_UP_TO_DEPTH,DEPTH_MEASUREMENT
12,PLANTED_ON_DATE,2,PLANTED_ON_DATE,PLANTED_ON_DATE,PLANTING_TIME
12,AFFECTED_BY_IN_MONTHS_OF_PLANTING,1,PLANTED_ON_DATE,PLANTED_ON_DATE,PLANTING_TIME
12,CULTIVATED_IN_SPECIFIC_MONTHS,1,PLANTED_ON_DATE,PLANTED_ON_DATE,PLANTING_TIME
12,HAPPENED_BEFORE_PLANTING_OF_MONTHS_IN_YEAR,1,PLANTED_ON_DATE,PLANTED_ON_DATE,PLANTING_TIME
12,HAS_START_DATE_FOR_SEED_SOWING,1,PLANTED_ON_DATE,PLANTED_ON_DATE,PLANTING_TIME
12,OCCURS_IN_WEEKS_AFTER_PLANTING,1,PLANTED_ON_DATE,PLANTED_ON_DATE,PLANTING_TIME
12,PERFORMED_BY_IN_MONTHS_OF_PLANTING,1,PLANTED_ON_DATE,PLANTED_ON_DATE,PLANTING_TIME
12,PLANTED_AT_SPECIFIC_TEMPERATURE,1,PLANTED_ON_DATE,PLANTED_ON_DATE,PLANTING_TIME
12,PLANTING_DATE,1,PLANTED_ON_DATE,PLANTED_ON_DATE,PLANTING_TIME
12,PLANTING_DATES,1,PLANTED_ON_DATE,PLANTED_ON_DATE,PLANTING_TIME
12,PLANTING_PREPARATION,1,PLANTED_ON_DATE,PLANTED_ON_DATE,PLANTING_TIME
12,PLANTING_STAGE,1,PLANTED_ON_DATE,PLANTED_ON_DATE,PLANTING_TIME
12,READY_FOR_PLANTING_AT,1,PLANTED_ON_DATE,PLANTED_ON_DATE,PLANTING_TIME
12,USE_IN_MONTHS_OF_PLANTING,1,PLANTED_ON_DATE,PLANTED_ON_DATE,PLANTING_TIME
13,IS_AFFECTED_BY,26,IS_AFFECTED_BY,IS_AFFECTED_BY,AFFECTED_BY_CONDITIONS
13,AFFECTED_BY_WEATHER_CONDITIONS,5,IS_AFFECTED_BY,IS_AFFECTED_BY,AFFECTED_BY_CONDITIONS
13,AFFECTED_BY_DEHUSKING,4,IS_AFFECTED_BY,IS_AFFECTED_BY,AFFECTED_BY_CONDITIONS
13,AFFECTS,4,IS_AFFECTED_BY,IS_AFFECTED_BY,AFFECTED_BY_CONDITIONS
13,EFFECTED_BY,3,IS_AFFECTED_BY,IS_AFFECTED_BY,AFFECTED_BY_CONDITIONS
13,EXPOSED_TO,2,IS_AFFECTED_BY,IS_AFFECTED_BY,AFFECTED_BY_CONDITIONS
13,AFFECTED_BY_CHANGES_IN,1,IS_AFFECTED_BY,IS_AFFECTED_BY,AFFECTED_BY_CONDITIONS
13,AFFECTED_BY_CONDITIONS,1,IS_AFFECTED_BY,IS_AFFECTED_BY,AFFECTED_BY_CONDITIONS
13,AFFECTED_BY_FROST,1,IS_AFFECTED_BY,IS_AFFECTED_BY,AFFECTED_BY_CONDITIONS
13,AFFECTED_BY_FROSTS,1,IS_AFFECTED_BY,IS_AFFECTED_BY,AFFECTED_BY_CONDITIONS
13,AFFECTED_BY_INSECTS_OR_MOLLUSCS,1,IS_AFFECTED_BY,IS_AFFECTED_BY,AFFECTED_BY_CONDITIONS
13,AFFECTED_BY_PESTS,1,IS_AFFECTED_BY,IS_AFFECTED_BY,AFFECTED_BY_CONDITIONS
13,AFFECTED_BY_POSITIONING,1,IS_AFFECTED_BY,IS_AFFECTED_BY,AFFECTED_BY_CONDITIONS
13,AFFECTED_BY_QUALITY,1,IS_AFFECTED_BY,IS_AFFECTED_BY,AFFECTED_BY_CONDITIONS
13,AFFECTED_BY_SEASON,1,IS_AFFECTED_BY,IS_AFFECTED_BY,AFFECTED_BY_CONDITIONS
13,AFFECTED_BY_SHADING,1,IS_AFFECTED_BY,IS_AFFECTED_BY,AFFECTED_BY_CONDITIONS
13,AFFECTED_BY_WEATHER,1,IS_AFFECTED_BY,IS_AFFECTED_BY,AFFECTED_BY_CONDITIONS
13,AFFECTED_BY_WEATHER_CONDITION,1,IS_AFFECTED_BY,IS_AFFECTED_BY,AFFECTED_BY_CONDITIONS
13,AFFECTSNEGATIVELY,1,IS_AFFECTED_BY,IS_AFFECTED_BY,AFFECTED_BY_CONDITIONS
13,EFFECTED_BY_WEATHER_CONDITIONS,1,IS_AFFECTED_BY,IS_AFFECTED_BY,AFFECTED_BY_CONDITIONS
13,IS_EXPOSED_TO_DAMAGE_FROM,1,IS_AFFECTED_BY,IS_AFFECTED_BY,AFFECTED_BY_CONDITIONS
13,EXPOSED_TO_SLOPE,1,IS_AFFECTED_BY,IS_AFFECTED_BY,AFFECTED_BY_CONDITIONS
13,EXPOSED_TO_WEATHER,1,IS_AFFECTED_BY,IS_AFFECTED_BY,AFFECTED_BY_CONDITIONS
13,IMPACTS,1,IS_AFFECTED_BY,IS_AFFECTED_BY,AFFECTED_BY_CONDITIONS
13,INFLUENCES,1,IS_AFFECTED_BY,IS_AFFECTED_BY,AFFECTED_BY_CONDITIONS
13,NEGATIVELY_IMPACTS,1,IS_AFFECTED_BY,IS_AFFECTED_BY,AFFECTED_BY_CONDITIONS
13,PESTED_BY,1,IS_AFFECTED_BY,IS_AFFECTED_BY,AFFECTED_BY_CONDITIONS
13,SENSITIVE_TO_WEATHER,1,IS_AFFECTED_BY,IS_AFFECTED_BY,AFFECTED_BY_CONDITIONS
13,SHADOWED_BY,1,IS_AFFECTED_BY,IS_AFFECTED_BY,AFFECTED_BY_CONDITIONS
13,WEATHER_IMPACT,1,IS_AFFECTED_BY,IS_AFFECTED_BY,AFFECTED_BY_CONDITIONS
14,ADOS_INCLINED_TO,1,IS_PRONE_TO,ADOS_INCLINED_TO,SUSCEPTIBLE_TO
14,ATTACHES_TO_AND_CAN_BREAK,1,IS_PRONE_TO,ADOS_INCLINED_TO,SUSCEPTIBLE_TO
14,IS_PRONE_TO,1,IS_PRONE_TO,ADOS_INCLINED_TO,SUSCEPTIBLE_TO
14,PRONE_TO_PROBLEM,1,IS_PRONE_TO,ADOS_INCLINED_TO,SUSCEPTIBLE_TO
15,PLANTED_IN,58,PLANTED_IN,GROWS_IN,PLANTING_LOCATION
15,IS_GROWN_IN,34,PLANTED_IN,GROWS_IN,PLANTING_LOCATION
15,GROWS_IN,18,PLANTED_IN,GROWS_IN,PLANTING_LOCATION
15,GROWN_UNDER,7,PLANTED_IN,GROWS_IN,PLANTING_LOCATION
15,PLANTED_WITH,6,PLANTED_IN,GROWS_IN,PLANTING_LOCATION
15,CAN_BE_SOWN_IN,6,PLANTED_IN,GROWS_IN,PLANTING_LOCATION
15,CULTIVATED_ON,4,PLANTED_IN,GROWS_IN,PLANTING_LOCATION
15,GROWN_FROM,4,PLANTED_IN,GROWS_IN,PLANTING_LOCATION
15,GROWN_WITH,4,PLANTED_IN,GROWS_IN,PLANTING_LOCATION
15,HARVESTED_FROM,4,PLANTED_IN,GROWS_IN,PLANTING_LOCATION
15,HARVESTED_IN,4,PLANTED_IN,GROWS_IN,PLANTING_LOCATION
15,PERMANENTLY_PLANTED,4,PLANTED_IN,GROWS_IN,PLANTING_LOCATION
15,PLANTED_UNDER,4,PLANTED_IN,GROWS_IN,PLANTING_LOCATION
15,COUNTER_PLANTED_WITH,3,PLANTED_IN,GROWS_IN,PLANTING_LOCATION
15,FERTILIZED_WITH,3,PLANTED_IN,GROWS_IN,PLANTING_LOCATION
15,PLANTED_AT,3,PLANTED_IN,GROWS_IN,PLANTING_LOCATION
15,PLANTED_IN_ROWS,3,PLANTED_IN,GROWS_IN,PLANTING_LOCATION
15,CULTIVATED_IN,2,PLANTED_IN,GROWS_IN,PLANTING_LOCATION
15,FERTILIZED_BY,2,PLANTED_IN,GROWS_IN,PLANTING_LOCATION
15,GROWS_TO_HEIGHT,2,PLANTED_IN,GROWS_IN,PLANTING_LOCATION
15,GROWS_WITHIN,2,PLANTED_IN,GROWS_IN,PLANTING_LOCATION
15,IS_HARVESTED_AT,2,PLANTED_IN,GROWS_IN,PLANTING_LOCATION
15,PLANTED_AFTER,2,PLANTED_IN,GROWS_IN,PLANTING_LOCATION
15,IS_PLANTED_DURING,2,PLANTED_IN,GROWS_IN,PLANTING_LOCATION
15,PLANTED_ON,2,PLANTED_IN,GROWS_IN,PLANTING_LOCATION
15,SOWN_AT_SAME_TIME,2,PLANTED_IN,GROWS_IN,PLANTING_LOCATION
15,CROP_GROWS_IN,1,PLANTED_IN,GROWS_IN,PLANTING_LOCATION
15,CULTIVATED_AS,1,PLANTED_IN,GROWS_IN,PLANTING_LOCATION
15,CULTIVATED_BEFORE,1,PLANTED_IN,GROWS_IN,PLANTING_LOCATION
15,IS_CULTIVATED_BY,1,PLANTED_IN,GROWS_IN,PLANTING_LOCATION
15,CULTIVATED_IN_ROWS_WITH_SPACING,1,PLANTED_IN,GROWS_IN,PLANTING_LOCATION
15,CULTIVATED_INTO_VARIETY,1,PLANTED_IN,GROWS_IN,PLANTING_LOCATION
15,CULTIVATED_TOGETHER,1,PLANTED_IN,GROWS_IN,PLANTING_LOCATION
15,CULTIVATED_VARIETY,1,PLANTED_IN,GROWS_IN,PLANTING_LOCATION
15,CULTIVATED_WITH,1,PLANTED_IN,GROWS_IN,PLANTING_LOCATION
15,DEVELOPS_INTO,1,PLANTED_IN,GROWS_IN,PLANTING_LOCATION
15,FARMED_USING,1,PLANTED_IN,GROWS_IN,PLANTING_LOCATION
15,GROWN_AROUND,1,PLANTED_IN,GROWS_IN,PLANTING_LOCATION
15,GROWN_AT,1,PLANTED_IN,GROWS_IN,PLANTING_LOCATION
15,GROWN_AT_DIFFERENT_TIME,1,PLANTED_IN,GROWS_IN,PLANTING_LOCATION
15,GROWN_BEFORE,1,PLANTED_IN,GROWS_IN,PLANTING_LOCATION
15,GROWN_IN_DECMBER,1,PLANTED_IN,GROWS_IN,PLANTING_LOCATION
15,GROWN_IN_GREENHOUSE,1,PLANTED_IN,GROWS_IN,PLANTING_LOCATION
15,GROWN_IN_SPACES_OF,1,PLANTED_IN,GROWS_IN,PLANTING_LOCATION
15,GROWN_IN_STRUCTURES,1,PLANTED_IN,GROWS_IN,PLANTING_LOCATION
15,GROWN_ON_SLOPE,1,PLANTED_IN,GROWS_IN,PLANTING_LOCATION
15,IS_GROWN_UNTIL,1,PLANTED_IN,GROWS_IN,PLANTING_LOCATION
15,GROWN_USING_TECHNIQUE,1,PLANTED_IN,GROWS_IN,PLANTING_LOCATION
15,GROWN_VARIETY,1,PLANTED_IN,GROWS_IN,PLANTING_LOCATION
15,GROWS_AFTER,1,PLANTED_IN,GROWS_IN,PLANTING_LOCATION
15,GROWS_AT_SAME_TIME_AS,1,PLANTED_IN,GROWS_IN,PLANTING_LOCATION
15,GROWS_FROM,1,PLANTED_IN,GROWS_IN,PLANTING_LOCATION
15,GROWS_IN_COASTAL_PLOTS,1,PLANTED_IN,GROWS_IN,PLANTING_LOCATION
15,GROWS_UNDER,1,PLANTED_IN,GROWS_IN,PLANTING_LOCATION
15,HAND_PLANTED,1,PLANTED_IN,GROWS_IN,PLANTING_LOCATION
15,HARVEST_DATE,1,PLANTED_IN,GROWS_IN,PLANTING_LOCATION
15,IS_HARVESTED,1,PLANTED_IN,GROWS_IN,PLANTING_LOCATION
15,HARVESTED_AFTER,1,PLANTED_IN,GROWS_IN,PLANTING_LOCATION
15,HARVESTED_BEFORE,1,PLANTED_IN,GROWS_IN,PLANTING_LOCATION
15,HARVESTED_DURING,1,PLANTED_IN,GROWS_IN,PLANTING_LOCATION
15,HARVESTED_IN_MONTH_OF,1,PLANTED_IN,GROWS_IN,PLANTING_LOCATION
15,HARVESTED_ON,1,PLANTED_IN,GROWS_IN,PLANTING_LOCATION
15,INCLUDED_IN_FORCED_CULTIVATION,1,PLANTED_IN,GROWS_IN,PLANTING_LOCATION
15,INTERPLANTED_WITH,1,PLANTED_IN,GROWS_IN,PLANTING_LOCATION
15,MEANS_HARVEST_IN_AGRICULTURAL_CONTEXT,1,PLANTED_IN,GROWS_IN,PLANTING_LOCATION
15,NEIGHBORING_PLANT,1,PLANTED_IN,GROWS_IN,PLANTING_LOCATION
15,OCCURRED_BEFORE,1,PLANTED_IN,GROWS_IN,PLANTING_LOCATION
15,OCCURS_BEFORE_HARVEST,1,PLANTED_IN,GROWS_IN,PLANTING_LOCATION
15,PLANTED_AT_DIFFERENT_TIMES_OF_YEAR,1,PLANTED_IN,GROWS_IN,PLANTING_LOCATION
15,IS_PLANTED_AT_DISTANCE_OF_AT_LEAST,1,PLANTED_IN,GROWS_IN,PLANTING_LOCATION
15,PLANTED_BEFORE,1,PLANTED_IN,GROWS_IN,PLANTING_LOCATION
15,PLANTED_IN_FRAME_AFTER,1,PLANTED_IN,GROWS_IN,PLANTING_LOCATION
15,PLANTED_IN_LAYER,1,PLANTED_IN,GROWS_IN,PLANTING_LOCATION
15,PLANTED_IN_NURSERY,1,PLANTED_IN,GROWS_IN,PLANTING_LOCATION
15,PLANTED_IN_SEASON,1,PLANTED_IN,GROWS_IN,PLANTING_LOCATION
15,PLANTED_UNDER_STRUCTURES,1,PLANTED_IN,GROWS_IN,PLANTING_LOCATION
15,IS_PLANTED_WITH_PRECAUTION,1,PLANTED_IN,GROWS_IN,PLANTING_LOCATION
15,PLANTED_WITH_SPACING,1,PLANTED_IN,GROWS_IN,PLANTING_LOCATION
15,POTTING_IN,1,PLANTED_IN,GROWS_IN,PLANTING_LOCATION
15,SOWED_IN,1,PLANTED_IN,GROWS_IN,PLANTING_LOCATION
15,SOWN_AFTER,1,PLANTED_IN,GROWS_IN,PLANTING_LOCATION
15,SOWN_AT_SPECIFIC_TIME_OF_YEAR,1,PLANTED_IN,GROWS_IN,PLANTING_LOCATION
15,SOWN_DURING,1,PLANTED_IN,GROWS_IN,PLANTING_LOCATION
15,SOWN_IN_MONTH,1,PLANTED_IN,GROWS_IN,PLANTING_LOCATION
15,SOWN_ON,1,PLANTED_IN,GROWS_IN,PLANTING_LOCATION
15,USED_IN_FORCED_CULTIVATION,1,PLANTED_IN,GROWS_IN,PLANTING_LOCATION
16,BELL_MARKED_AT,1,BELL_MARKED_AT,BELL_MARKED_AT,BELL_RELATED
16,FITS_UNDER_BELL,1,BELL_MARKED_AT,BELL_MARKED_AT,BELL_RELATED
17,PROTECTED_BY,3,PROTECTED_BY,PROTECTED_AGAINST,PROTECTION_RELATION
17,PROTECTED_FROM,2,PROTECTED_BY,PROTECTED_AGAINST,PROTECTION_RELATION
17,HELP_PREVENTED_WITH,1,PROTECTED_BY,PROTECTED_AGAINST,PROTECTION_RELATION
17,PRECAUTION_TAKEN AGAINST,1,PROTECTED_BY,PROTECTED_AGAINST,PROTECTION_RELATION
17,PREVENTS_GREEN_SKIN,1,PROTECTED_BY,PROTECTED_AGAINST,PROTECTION_RELATION
17,PREVENTS_HARDENING_OF,1,PROTECTED_BY,PROTECTED_AGAINST,PROTECTION_RELATION
17,PREVENTS_PENETRATION_OF,1,PROTECTED_BY,PROTECTED_AGAINST,PROTECTION_RELATION
17,PROTECTED_AGAINST,1,PROTECTED_BY,PROTECTED_AGAINST,PROTECTION_RELATION
17,PROTECTED_AGAINST_DAMAGE,1,PROTECTED_BY,PROTECTED_AGAINST,PROTECTION_RELATION
17,PROTECTED_FROM_AIR,1,PROTECTED_BY,PROTECTED_AGAINST,PROTECTION_RELATION
17,PROTECTED_WITH,1,PROTECTED_BY,PROTECTED_AGAINST,PROTECTION_RELATION
17,PROVIDES_PROTECTION_AND_CONTROLLED_ENVIRONMENT,1,PROTECTED_BY,PROTECTED_AGAINST,PROTECTION_RELATION
17,SHIELDDED_AGAINST,1,PROTECTED_BY,PROTECTED_AGAINST,PROTECTION_RELATION
17,USED_TO_PROTECT,1,PROTECTED_BY,PROTECTED_AGAINST,PROTECTION_RELATION
17,USES_TO_PREVENT,1,PROTECTED_BY,PROTECTED_AGAINST,PROTECTION_RELATION
18,COVERED_WITH,9,COVERED_WITH,COVERED_WITH,COVERED_BY_OR_WITH
18,MIXED_WITH,5,COVERED_WITH,COVERED_WITH,COVERED_BY_OR_WITH
18,STACKED_WITH,2,COVERED_WITH,COVERED_WITH,COVERED_BY_OR_WITH
18,COVERED_AGAINST,1,COVERED_WITH,COVERED_WITH,COVERED_BY_OR_WITH
18,IS_COVERED_BY,1,COVERED_WITH,COVERED_WITH,COVERED_BY_OR_WITH
18,COVERED_WITH_AT,1,COVERED_WITH,COVERED_WITH,COVERED_BY_OR_WITH
18,COVERED_WITH_AT_NIGHT,1,COVERED_WITH,COVERED_WITH,COVERED_BY_OR_WITH
18,COVERS_SEEDLINGS_WITH,1,COVERED_WITH,COVERED_WITH,COVERED_BY_OR_WITH
18,COVERS_SOIL_FOR,1,COVERED_WITH,COVERED_WITH,COVERED_BY_OR_WITH
18,COVERS_WITH_LEAVES,1,COVERED_WITH,COVERED_WITH,COVERED_BY_OR_WITH
18,FILLED_WITH,1,COVERED_WITH,COVERED_WITH,COVERED_BY_OR_WITH
18,MATCOVERED_WITH,1,COVERED_WITH,COVERED_WITH,COVERED_BY_OR_WITH
18,POTTING_SOIL_COVERS,1,COVERED_WITH,COVERED_WITH,COVERED_BY_OR_WITH
18,REINFORCED_WITH,1,COVERED_WITH,COVERED_WITH,COVERED_BY_OR_WITH
18,SPRINKLED_WITH,1,COVERED_WITH,COVERED_WITH,COVERED_BY_OR_WITH
18,TOPPED,1,COVERED_WITH,COVERED_WITH,COVERED_BY_OR_WITH
18,TOPPED_AT_SPECIFIC_HEIGHT,1,COVERED_WITH,COVERED_WITH,COVERED_BY_OR_WITH
19,REQUIRES_CONDITION,3,REQUIRES_CONDITION,REQUIRES,REQUIRES_CONDITIONS_OR_CARE
19,GIVEN_AIR_GRADUALLY,1,REQUIRES_CONDITION,REQUIRES,REQUIRES_CONDITIONS_OR_CARE
19,GREEN_ROMAINE_NEEDS_FREQUENT_WATERING,1,REQUIRES_CONDITION,REQUIRES,REQUIRES_CONDITIONS_OR_CARE
19,NEEDS_CARE_FROM,1,REQUIRES_CONDITION,REQUIRES,REQUIRES_CONDITIONS_OR_CARE
19,NEEDS_CONDITION,1,REQUIRES_CONDITION,REQUIRES,REQUIRES_CONDITIONS_OR_CARE
19,NEEDS_PROTECTION_AGAINST,1,REQUIRES_CONDITION,REQUIRES,REQUIRES_CONDITIONS_OR_CARE
19,PLANTING_REQUIRES_INPUT,1,REQUIRES_CONDITION,REQUIRES,REQUIRES_CONDITIONS_OR_CARE
19,REQUIRES,1,REQUIRES_CONDITION,REQUIRES,REQUIRES_CONDITIONS_OR_CARE
19,REQUIRES_AIR_CIRCULATION,1,REQUIRES_CONDITION,REQUIRES,REQUIRES_CONDITIONS_OR_CARE
19,REQUIRES_BUTTERING,1,REQUIRES_CONDITION,REQUIRES,REQUIRES_CONDITIONS_OR_CARE
19,REQUIRES_CONDITIONS,1,REQUIRES_CONDITION,REQUIRES,REQUIRES_CONDITIONS_OR_CARE
19,REQUIRES_PROTECTION_FROM,1,REQUIRES_CONDITION,REQUIRES,REQUIRES_CONDITIONS_OR_CARE
19,REQUIRES_REGULAR_WATERING,1,REQUIRES_CONDITION,REQUIRES,REQUIRES_CONDITIONS_OR_CARE
19,REQUIRES_WATER_WITH_SPECIFIC_TEMPERATURE,1,REQUIRES_CONDITION,REQUIRES,REQUIRES_CONDITIONS_OR_CARE
19,REQUIRES_WATERING,1,REQUIRES_CONDITION,REQUIRES,REQUIRES_CONDITIONS_OR_CARE
19,REQUIRES_WATERING_IN,1,REQUIRES_CONDITION,REQUIRES,REQUIRES_CONDITIONS_OR_CARE
19,REQUIRES_WINTER_PROTECTION,1,REQUIRES_CONDITION,REQUIRES,REQUIRES_CONDITIONS_OR_CARE
19,VEGETABLE_REQUIRES_WATERING,1,REQUIRES_CONDITION,REQUIRES,REQUIRES_CONDITIONS_OR_CARE
20,ROUTED_ONTEENS,1,ROUTED_ONTEENS,ROUTED_ONTEENS,ONTEEN_STATUS
20,STOPPED_GROWING_ONTEENS,1,ROUTED_ONTEENS,ROUTED_ONTEENS,ONTEEN_STATUS
21,CONTAINS,11,CONTAINS,CONTAINS,CONTAINMENT
21,COMPRISES_PARTS,3,CONTAINS,CONTAINS,CONTAINMENT
21,MATERIAL_INCLUDED_IN,3,CONTAINS,CONTAINS,CONTAINMENT
21,IS_PART_OF,2,CONTAINS,CONTAINS,CONTAINMENT
21,COMPRISES_COMPONENTS,1,CONTAINS,CONTAINS,CONTAINMENT
21,IS_CONTAINED_IN,1,CONTAINS,CONTAINS,CONTAINMENT
21,CONTAINING_PANEL,1,CONTAINS,CONTAINS,CONTAINMENT
21,CONTAINS_LIVESTOCK,1,CONTAINS,CONTAINS,CONTAINMENT
21,CONTAINS_MASS_OF,1,CONTAINS,CONTAINS,CONTAINMENT
21,CONTAINS_SOIL,1,CONTAINS,CONTAINS,CONTAINMENT
21,HAS_COMPONENT_PARTS,1,CONTAINS,CONTAINS,CONTAINMENT
21,HAS_COMPONENTS,1,CONTAINS,CONTAINS,CONTAINMENT
21,IS_INCLUDED_IN,1,CONTAINS,CONTAINS,CONTAINMENT
21,RELATIONSHIP_CONTAINING,1,CONTAINS,CONTAINS,CONTAINMENT
22,EMERGED_AT,1,EMERGED_AT,EMERGED_AT,ORIGINATED_FROM
22,GERMINATED_IN,1,EMERGED_AT,EMERGED_AT,ORIGINATED_FROM
22,SPROUTED_IN,1,EMERGED_AT,EMERGED_AT,ORIGINATED_FROM
23,CHILDREN_FOLLOW_IN_PARENT_PROFESSION,1,CHILDREN_FOLLOW_IN_PARENT_PROFESSION,CHILDREN_FOLLOW_IN_PARENT_PROFESSION,FAMILY_OCCUPATIONAL_TIES
23,DAUGHTERS_MARRY_WITHIN_FAMILY_PROFESSION,1,CHILDREN_FOLLOW_IN_PARENT_PROFESSION,CHILDREN_FOLLOW_IN_PARENT_PROFESSION,FAMILY_OCCUPATIONAL_TIES
24,DIFFERENT_GROWTH_REQUIREMENTS,2,GROWTH_STAGES,GROWTH_STAGE_OF,GROWTH_STAGE_RELATIONSHIP
24,GROWTH_STAGE_OF,2,GROWTH_STAGES,GROWTH_STAGE_OF,GROWTH_STAGE_RELATIONSHIP
24,GROWTH_STAGE_EVENT,2,GROWTH_STAGES,GROWTH_STAGE_OF,GROWTH_STAGE_RELATIONSHIP
24,GROWTH_STAGES,2,GROWTH_STAGES,GROWTH_STAGE_OF,GROWTH_STAGE_RELATIONSHIP
24,HAS_GROWTH_STAGE,2,GROWTH_STAGES,GROWTH_STAGE_OF,GROWTH_STAGE_RELATIONSHIP
24,AFFECTED_BY_GROWTH_STAGE,1,GROWTH_STAGES,GROWTH_STAGE_OF,GROWTH_STAGE_RELATIONSHIP
24,CROP_GROWTH_STAGE_TRANSITION,1,GROWTH_STAGES,GROWTH_STAGE_OF,GROWTH_STAGE_RELATIONSHIP
24,CROP_STAGE_TRANSITION,1,GROWTH_STAGES,GROWTH_STAGE_OF,GROWTH_STAGE_RELATIONSHIP
24,GROWTH_STAGE_ON_DATE,1,GROWTH_STAGES,GROWTH_STAGE_OF,GROWTH_STAGE_RELATIONSHIP
24,GROWTH_STAGE_TRANSITION,1,GROWTH_STAGES,GROWTH_STAGE_OF,GROWTH_STAGE_RELATIONSHIP
24,REACH_GROWTH_STAGE,1,GROWTH_STAGES,GROWTH_STAGE_OF,GROWTH_STAGE_RELATIONSHIP
24,REQUIREMENT_FOR_GROWTH,1,GROWTH_STAGES,GROWTH_STAGE_OF,GROWTH_STAGE_RELATIONSHIP
24,REQUIRES_FOR_GROWTH_STAGE,1,GROWTH_STAGES,GROWTH_STAGE_OF,GROWTH_STAGE_RELATIONSHIP
24,REQUIRES_GROWTH_STAGE_MANAGEMENT,1,GROWTH_STAGES,GROWTH_STAGE_OF,GROWTH_STAGE_RELATIONSHIP
24,SIMILAR_GROWING_REQUIREMENTS,1,GROWTH_STAGES,GROWTH_STAGE_OF,GROWTH_STAGE_RELATIONSHIP
25,REPLACED_BY,2,REPLACED_BY,REPLACED_BY,REPLACEMENT_RELATIONSHIP
25,CHANGED_NAME_FROM,1,REPLACED_BY,REPLACED_BY,REPLACEMENT_RELATIONSHIP
25,SUCCEEDED_BY,1,REPLACED_BY,REPLACED_BY,REPLACEMENT_RELATIONSHIP
26,IS_VARIETY_OF,10,IS_VARIETY_OF,IS_VARIETY_OF,HAS_VARIANT
26,HAS_VARIETY,3,IS_VARIETY_OF,IS_VARIETY_OF,HAS_VARIANT
26,CONTAINS_VARIETIES_OF_PLANT,1,IS_VARIETY_OF,IS_VARIETY_OF,HAS_VARIANT
26,CULTIVATED_GENUS_CONTAINS_SPECIES,1,IS_VARIETY_OF,IS_VARIETY_OF,HAS_VARIANT
27,AWARDED_MEDAL,2,AWARDED_MEDAL,AWARDED_MEDAL,AWARD_RECIPIENT
27,AWARDED_ON,1,AWARDED_MEDAL,AWARDED_MEDAL,AWARD_RECIPIENT
27,RESPECTS,1,AWARDED_MEDAL,AWARDED_MEDAL,AWARD_RECIPIENT
28,MANURE_APPLIED_ONTO,1,MANURE_APPLIED_ONTO,MANURE_APPLIED_ONTO,MANURE_APPLICATION
28,MANURE_USED_FOR_LAYER_BUILDUP,1,MANURE_APPLIED_ONTO,MANURE_APPLIED_ONTO,MANURE_APPLICATION
28,OLD_DRY_MANURE_PREVENTS_PENETRATION_OF,1,MANURE_APPLIED_ONTO,MANURE_APPLIED_ONTO,MANURE_APPLICATION
28,PROTECTED_WITH_MANURE,1,MANURE_APPLIED_ONTO,MANURE_APPLIED_ONTO,MANURE_APPLICATION
29,ADOS_BOUND_BY_STRING,1,ADOS_BOUND_BY_STRING,ADOS_BOUND_BY_STRING,DEFINED_BY_STRING
29,ADOS_CONSTRUCTED_WITH,1,ADOS_BOUND_BY_STRING,ADOS_BOUND_BY_STRING,DEFINED_BY_STRING
30,WATERED_BY,3,WATERED_BY,WATERED_BY,WATERING_RELATION
30,WATERED_WITH,3,WATERED_BY,WATERED_BY,WATERING_RELATION
30,AFFECTED_BY_WATERING,1,WATERED_BY,WATERED_BY,WATERING_RELATION
30,FLOWED_THROUGH,1,WATERED_BY,WATERED_BY,WATERING_RELATION
30,IRRIGATION_METHOD,1,WATERED_BY,WATERED_BY,WATERING_RELATION
30,REGAIN_FRESHNESS_THROUGH_WATER,1,WATERED_BY,WATERED_BY,WATERING_RELATION
30,SHOULD_NOT_BE_WATERED_IN,1,WATERED_BY,WATERED_BY,WATERING_RELATION
30,WATERED_AFTER_TRANSPLANTING,1,WATERED_BY,WATERED_BY,WATERING_RELATION
30,WATERED_AT,1,WATERED_BY,WATERED_BY,WATERING_RELATION
30,WATERED_DURING,1,WATERED_BY,WATERED_BY,WATERING_RELATION
30,WATERED_IN,1,WATERED_BY,WATERED_BY,WATERING_RELATION
30,WATERING_CAN_USED_FOR_COPIOUS_WATERINGS,1,WATERED_BY,WATERED_BY,WATERING_RELATION
30,WATERING_METHOD_USED,1,WATERED_BY,WATERED_BY,WATERING_RELATION
30,WATERING_SCHEDULE,1,WATERED_BY,WATERED_BY,WATERING_RELATION
31,OCCUPIES_AREA_OF,1,RENT_AT,OCCUPIES_AREA_OF,LOCATED_IN
31,RENT_AT,1,RENT_AT,OCCUPIES_AREA_OF,LOCATED_IN
32,ABSORBS_HEAT_IN,1,HEATS_UP_FOR,IS_HOTTER_THAN,HAS_HIGH_TEMPERATURE
32,HAS_WARMER_TEMPERATURES_THAN,1,HEATS_UP_FOR,IS_HOTTER_THAN,HAS_HIGH_TEMPERATURE
32,HEATS_UP_FOR,1,HEATS_UP_FOR,IS_HOTTER_THAN,HAS_HIGH_TEMPERATURE
32,IS_HOTTER_THAN,1,HEATS_UP_FOR,IS_HOTTER_THAN,HAS_HIGH_TEMPERATURE
32,PROVIDES_HEAT_AND_HUMIDITY,1,HEATS_UP_FOR,IS_HOTTER_THAN,HAS_HIGH_TEMPERATURE
32,RETURNS_TO_WARM,1,HEATS_UP_FOR,IS_HOTTER_THAN,HAS_HIGH_TEMPERATURE
32,WARMED_UP_WITH,1,HEATS_UP_FOR,IS_HOTTER_THAN,HAS_HIGH_TEMPERATURE
33,LIFTED_FROM_NURSERY_WITH_HOE_AND_PULLED_OUT_OF_GROUND,1,LIFTED_FROM_NURSERY_WITH_HOE_AND_PULLED_OUT_OF_GROUND,LIFTED_FROM_NURSERY_WITH_HOE_AND_PULLED_OUT_OF_GROUND,WEEDING
34,IS_NOT_GROWN,3,IS_NOT_GROWN,NOT_GROWN_IN,NOT_PRESENT_IN
34,DOES_NOT_USE,1,IS_NOT_GROWN,NOT_GROWN_IN,NOT_PRESENT_IN
34,NOT_GROWN_IN,1,IS_NOT_GROWN,NOT_GROWN_IN,NOT_PRESENT_IN
34,NOT_PLANTED_IN,1,IS_NOT_GROWN,NOT_GROWN_IN,NOT_PRESENT_IN
35,EMPLOYS,1,EMPLOYS,EMPLOYS,EMPLOYMENT_RELATIONSHIP
35,WAGES_OF,1,EMPLOYS,EMPLOYS,EMPLOYMENT_RELATIONSHIP
36,PRODUCES,2,PRODUCES,PRODUCES,PRODUCTION_RESULT
36,PRODUCES_HEAD_AFTER,2,PRODUCES,PRODUCES,PRODUCTION_RESULT
36,PRODUCES_FRUIT_IN,1,PRODUCES,PRODUCES,PRODUCTION_RESULT
36,PRODUCES_SEASONS_IN_TIME_FRAME,1,PRODUCES,PRODUCES,PRODUCTION_RESULT
37,PRECEDES,1,PRECEDES,PRECEDES,RELATIONSHIP_ORDERING
37,PRECEDES_IN_TIME,1,PRECEDES,PRECEDES,RELATIONSHIP_ORDERING
37,PREFERED_WITH,1,PRECEDES,PRECEDES,RELATIONSHIP_ORDERING
37,PREFERENCE_OVER,1,PRECEDES,PRECEDES,RELATIONSHIP_ORDERING
38,SEED_TEMP_REQUIREMENT,1,SEED_TEMP_REQUIREMENT,SEED_TEMP_REQUIREMENT,SEED_GROWTH_CONDITIONS
38,SEEDS_REQUIRE_SOFT_BEDDING,1,SEED_TEMP_REQUIREMENT,SEED_TEMP_REQUIREMENT,SEED_GROWTH_CONDITIONS
39,BLACK_RADISH_DOESNT_GO_TO_SEED,1,BLACK_RADISH_DOESNT_GO_TO_SEED,BLACK_RADISH_DOESNT_GO_TO_SEED,BLACK_RADISH_CARE_CONSIDERATIONS
39,BLACK_RADISH_REQUIRES_SHIELDING_FROM_WINTER,1,BLACK_RADISH_DOESNT_GO_TO_SEED,BLACK_RADISH_DOESNT_GO_TO_SEED,BLACK_RADISH_CARE_CONSIDERATIONS
40,NEW_LAND_PREPARATION_REQUIRES,1,NEW_LAND_PREPARATION_REQUIRES,NEW_LAND_PREPARATION_REQUIRES,LAND_PREPARATION_METHODS
40,SOIL_PREPARATION_BY_EQUIPMENT_USE,1,NEW_LAND_PREPARATION_REQUIRES,NEW_LAND_PREPARATION_REQUIRES,LAND_PREPARATION_METHODS
41,COVERED_AT_GROUND_LEVEL_WITH_AT_TIME_OF_HEAVY_FROSTS,1,COVERED_AT_GROUND_LEVEL_WITH_AT_TIME_OF_HEAVY_FROSTS,COVERED_AT_GROUND_LEVEL_WITH_AT_TIME_OF_HEAVY_FROSTS,PROTECTION_FROM_FROST
41,UNCOVER_AT_GROUND_LEVEL_WITHOUT_USING_IN_TIME_OF_HEAVY_FROSTS,1,COVERED_AT_GROUND_LEVEL_WITH_AT_TIME_OF_HEAVY_FROSTS,COVERED_AT_GROUND_LEVEL_WITH_AT_TIME_OF_HEAVY_FROSTS,PROTECTION_FROM_FROST
42,COLLECTED_VIA,1,COLLECTED_VIA,TRANSPORTED_VIA,TRANSPORT_METHOD
42,STUFFED_AND_PUT_ON_THE_ROAD,1,COLLECTED_VIA,TRANSPORTED_VIA,TRANSPORT_METHOD
42,IS_TRANSPORTED_BY,1,COLLECTED_VIA,TRANSPORTED_VIA,TRANSPORT_METHOD
42,TRANSPORTED_VIA,1,COLLECTED_VIA,TRANSPORTED_VIA,TRANSPORT_METHOD
43,SEASONAL_ASSOCIATION,3,SEASONAL_ASSOCIATION,SEASONAL_ASSOCIATION,SEASONAL_INFLUENCE
43,SEASONAL_EFFECTS_ON_PLANTING,1,SEASONAL_ASSOCIATION,SEASONAL_ASSOCIATION,SEASONAL_INFLUENCE
43,SEASONALITY_FOR_GROWTH,1,SEASONAL_ASSOCIATION,SEASONAL_ASSOCIATION,SEASONAL_INFLUENCE
44,CHECKED_DURING_NIGHTTIME,1,OPENED_DURING_DAYTIME,CHECKED_DURING_NIGHTTIME,OPERATED_AT_SPECIFIC_TIME_OF_DAY
44,OPENED_DURING_DAYTIME,1,OPENED_DURING_DAYTIME,CHECKED_DURING_NIGHTTIME,OPERATED_AT_SPECIFIC_TIME_OF_DAY
45,MANNES_CONTAIN,2,MANNES_CONTAIN,MANNES_CONTAIN,MANNES_RELATIONSHIP
45,MANNES_COST,1,MANNES_CONTAIN,MANNES_CONTAIN,MANNES_RELATIONSHIP
46,SOLD_TO,1,SOLD_TO,VALUED_AT,ASSOCIATED_WITH_VALUE
46,VALUED_AT,1,SOLD_TO,VALUED_AT,ASSOCIATED_WITH_VALUE
47,SPACED_APART_IN_ROWS,1,SPACED_AT,SPACED_APART_IN_ROWS,SPACED_FROM_EACH_OTHER
47,SPACED_AT,1,SPACED_AT,SPACED_APART_IN_ROWS,SPACED_FROM_EACH_OTHER
47,SPACED_WITH,1,SPACED_AT,SPACED_APART_IN_ROWS,SPACED_FROM_EACH_OTHER
47,SPACES_APART_IN,1,SPACED_AT,SPACED_APART_IN_ROWS,SPACED_FROM_EACH_OTHER
48,FORMING_APPLES_DATE_ESTIMATE,1,GROWS_INTO_APPLES,GROWS_INTO_APPLES,APPLES_GROWTH_INFO
48,GROWS_INTO_APPLES,1,GROWS_INTO_APPLES,GROWS_INTO_APPLES,APPLES_GROWTH_INFO
48,GROWS_INTO_APPLES_TIME_DIFFERENCE,1,GROWS_INTO_APPLES,GROWS_INTO_APPLES,APPLES_GROWTH_INFO
49,CROP_TYPE,4,CROP_TYPE,CROP_VARIETY,CROP_RELATIONSHIP
49,CROP_VARIEIES,4,CROP_TYPE,CROP_VARIETY,CROP_RELATIONSHIP
49,CROP_VARIETY,4,CROP_TYPE,CROP_VARIETY,CROP_RELATIONSHIP
49,CROP_VARIEGES,3,CROP_TYPE,CROP_VARIETY,CROP_RELATIONSHIP
49,PEST_OF_CROP,2,CROP_TYPE,CROP_VARIETY,CROP_RELATIONSHIP
49,CROP_OF,1,CROP_TYPE,CROP_VARIETY,CROP_RELATIONSHIP
49,CROP_VARIEGY,1,CROP_TYPE,CROP_VARIETY,CROP_RELATIONSHIP
49,PEST_AFFECTS_CROP,1,CROP_TYPE,CROP_VARIETY,CROP_RELATIONSHIP
50,PULL_AND_REPLANT,1,PULL_AND_REPLANT,PULL_AND_REPLANT,IRRIGATE_AND_MAINTAIN
50,WATERS_AND_FERTILIZES,1,PULL_AND_REPLANT,PULL_AND_REPLANT,IRRIGATE_AND_MAINTAIN
51,TREATED_WITH,4,TREATED_WITH,TREATED_WITH,SOIL_TREATMENT_METHOD
51,PLOWED_WITH,1,TREATED_WITH,TREATED_WITH,SOIL_TREATMENT_METHOD
51,SOIL_IMPROVED_BY_PLOUGHING,1,TREATED_WITH,TREATED_WITH,SOIL_TREATMENT_METHOD
51,TREATED_WITH_POTTING_SOIL,1,TREATED_WITH,TREATED_WITH,SOIL_TREATMENT_METHOD
52,BROKEN_UP_WITH,1,BROKEN_UP_WITH,BROKEN_UP_WITH,ENDED_RELATIONSHIP
52,THROWN_IN_TO_FINISH_BREAKING_UP,1,BROKEN_UP_WITH,BROKEN_UP_WITH,ENDED_RELATIONSHIP
53,FRAME_CONSTRUCTED_IN,1,HAS_FRAME,HAS_FRAME,FRAME_RELATED
53,FRAME_CONTAINS_PLANTS,1,HAS_FRAME,HAS_FRAME,FRAME_RELATED
53,HAS_FRAME,1,HAS_FRAME,HAS_FRAME,FRAME_RELATED
54,HAS_CHARACTERISTICS,2,HAS_CHARACTERISTICS,HAS_CHARACTERISTICS,HAS_ATTRIBUTE
54,HAS_BENEFIT,1,HAS_CHARACTERISTICS,HAS_CHARACTERISTICS,HAS_ATTRIBUTE
54,HAS_CAPACITY,1,HAS_CHARACTERISTICS,HAS_CHARACTERISTICS,HAS_ATTRIBUTE
54,HAS_CHARACTERISTIC,1,HAS_CHARACTERISTICS,HAS_CHARACTERISTICS,HAS_ATTRIBUTE
54,HAS_COST,1,HAS_CHARACTERISTICS,HAS_CHARACTERISTICS,HAS_ATTRIBUTE
54,HAS_DESIGN_FEATURE,1,HAS_CHARACTERISTICS,HAS_CHARACTERISTICS,HAS_ATTRIBUTE
54,HAS_PURPOSE,1,HAS_CHARACTERISTICS,HAS_CHARACTERISTICS,HAS_ATTRIBUTE
54,HAS_A_ROOT_BALL_OF,1,HAS_CHARACTERISTICS,HAS_CHARACTERISTICS,HAS_ATTRIBUTE
54,HAS_ROOTS,1,HAS_CHARACTERISTICS,HAS_CHARACTERISTICS,HAS_ATTRIBUTE
54,HAS_SUBSPECIES,1,HAS_CHARACTERISTICS,HAS_CHARACTERISTICS,HAS_ATTRIBUTE
54,HAS_SUBTYPE,1,HAS_CHARACTERISTICS,HAS_CHARACTERISTICS,HAS_ATTRIBUTE
55,HAS_BETTER_QUALITY_THAN_YORK_CABBAGE,1,LATER_THAN_YORK_CABBAGE,LATER_THAN_YORK_CABBAGE,LATER_THAN_CABBAGE_VARIETY
55,LATER_THAN_SUGARLOAF_CABBAGE,1,LATER_THAN_YORK_CABBAGE,LATER_THAN_YORK_CABBAGE,LATER_THAN_CABBAGE_VARIETY
55,LATER_THAN_YORK_CABBAGE,1,LATER_THAN_YORK_CABBAGE,LATER_THAN_YORK_CABBAGE,LATER_THAN_CABBAGE_VARIETY
56,CHERVIL_CUT_AND_SOLD_IN,1,WINTER_CHERVIL_SOWN_IN,CHERVIL_CUT_AND_SOLD_IN,CHERVIL_TIMING
56,WINTER_CHERVIL_SOWN_IN,1,WINTER_CHERVIL_SOWN_IN,CHERVIL_CUT_AND_SOLD_IN,CHERVIL_TIMING
57,SPREAD_OVER,1,SPREAD_OVER,SPREAD_WITH,SPREAD_RELATION
57,SPREAD_WITH,1,SPREAD_OVER,SPREAD_WITH,SPREAD_RELATION
57,SPREADS_UNDER,1,SPREAD_OVER,SPREAD_WITH,SPREAD_RELATION
58,PEST_DISEASE_RELATIONSHIP,1,PEST_DISEASE_RELATIONSHIP,PEST_DISEASE_RELATIONSHIP,ORGANISM_AFFECTED_BY
59,BELONGS_TO_THE_CRUCIFEROUS_FAMILY,1,BELONGS_TO_THE_CRUCIFEROUS_FAMILY,BELONGS_TO_THE_CRUCIFEROUS_FAMILY,PLANT_FAMILY_RELATIONSHIP
60,IS_EFFECTIVE_NO_LONGER_THAN_FIVE_OR_SIX_METERS_FROM_THE_WALL,1,IS_EFFECTIVE_NO_LONGER_THAN_FIVE_OR_SIX_METERS_FROM_THE_WALL,IS_EFFECTIVE_NO_LONGER_THAN_FIVE_OR_SIX_METERS_FROM_THE_WALL,EFFECTIVENESS_DISTANCE_FROM_WALL
61,EQUIPMENT_COSTS,1,EQUIPMENT_COSTS,EQUIPMENT_COSTS,CONSTRUCTION_COSTS
61,STRUCTURE_COSTS,1,EQUIPMENT_COSTS,EQUIPMENT_COSTS,CONSTRUCTION_COSTS
62,READY_TO_SEND_TO_MARKET_IN,1,READY_TO_SEND_TO_MARKET_IN,READY_TO_SEND_TO_MARKET_IN,AVAILABLE_FOR_DISTRIBUTION
63,THICKNESS_OF_SOLILAYER,1,THICKNESS_OF_SOLILAYER,THICKNESS_OF_SOLILAYER,SOLILAYER_CHARACTERISTIC
64,MASTER_WORKER_ROLE_IN_FIELD_ARRANGEMENT,1,MASTER_WORKER_ROLE_IN_FIELD_ARRANGEMENT,MASTER_WORKER_ROLE_IN_FIELD_ARRANGEMENT,WORKER_ROLE_RELATIONSHIP
65,PREFERENTIAL_GROWTHCONDITIONS,1,PREFERENTIAL_GROWTHCONDITIONS,PREFERENTIAL_GROWTHCONDITIONS,OPTIMAL_ENVIRONMENT
66,BEARS_FRUIT,1,BEARS_FRUIT,BEARS_FRUIT,PRODUCES_FOOD
67,FEARLESS_OF,1,FEARLESS_OF,FEARLESS_OF,UNAFRAID_OF
68,ALLEVIATES_BITTERNESS,1,ALLEVIATES_BITTERNESS,ALLEVIATES_BITTERNESS,REDUCES_UNPLEASANT_TASTE
69,HOE_USED_FOR_EDGE,1,HOE_USED_FOR_EDGE,HOE_USED_FOR_EDGE,EDGE_TOOL_USAGE
70,LETTUCE_GROWTH_LOCATION,1,LETTUCE_GROWTH_LOCATION,LETTUCE_PLANTING_REQUIREMENTS,LETTUCE_CULTIVATION_CONTEXT
70,LETTUCE_PLANTING_CONDITIONS,1,LETTUCE_GROWTH_LOCATION,LETTUCE_PLANTING_REQUIREMENTS,LETTUCE_CULTIVATION_CONTEXT
70,LETTUCE_PLANTING_REQUIREMENTS,1,LETTUCE_GROWTH_LOCATION,LETTUCE_PLANTING_REQUIREMENTS,LETTUCE_CULTIVATION_CONTEXT
71,FOUNDED_PRIZE,1,FOUNDED_PRIZE,FOUNDED_PRIZE,AWARDED_FOR_FOUNDING
72,SETUP_FRAMEWORK,1,SETUP_FRAMEWORK,SETUP_FRAMEWORK,CONFIGURE_INFRASTRUCTURE
73,FARMING_PRACTICES,1,FARMING_PRACTICES,FARMING_PRACTICES,AGRICULTURAL_ACTIVITY
73,LOCATION_OF_FARMING_PRACTICE,1,FARMING_PRACTICES,FARMING_PRACTICES,AGRICULTURAL_ACTIVITY
73,IS_RELATED_TO_FARMING_PRACTICES,1,FARMING_PRACTICES,FARMING_PRACTICES,AGRICULTURAL_ACTIVITY
73,SPATIAL_AGRICULTURAL_EVENTS,1,FARMING_PRACTICES,FARMING_PRACTICES,AGRICULTURAL_ACTIVITY
74,CAULIFLOWER_WAS_PLANTED_IN,1,CAULIFLOWER_WAS_PLANTED_IN,CAULIFLOWER_WAS_PLANTED_IN,PLANTING_LOCATION
75,COIFFEEED_IN,1,COIFFEEED_IN,COIFFEEED_IN,CAFFEINATED
76,HARDENED_IN,1,HARDENED_IN,HARROWED_WITH,AFFECTED_BY
76,HARROWED_WITH,1,HARDENED_IN,HARROWED_WITH,AFFECTED_BY
77,LEAF_SHAPE_DIFFERENCE,1,LEAF_SHAPE_DIFFERENCE,LEAF_SHAPE_DIFFERENCE,MORPHOLOGICAL_VARIATION
78,PEAS_GROW_FROM,1,PEAS_GROW_FROM,PEAS_GROW_FROM,PLANT_ORIGIN
79,DOES_NOT_BREAK_UP_IF_TOO_HARD_OR_COMPACT,1,DOES_NOT_BREAK_UP_IF_TOO_HARD_OR_COMPACT,DOES_NOT_BREAK_UP_IF_TOO_HARD_OR_COMPACT,BREAKS_EASILY
80,TRANSPLANTED_UNDER,3,TRANSPLANTED_UNDER,TRANSPLANTED_UNDER,TRANSPLANTATION_SITE
80,RETRANSPLANTED_FROM,2,TRANSPLANTED_UNDER,TRANSPLANTED_UNDER,TRANSPLANTATION_SITE
80,TRANSPLANTED_TO,1,TRANSPLANTED_UNDER,TRANSPLANTED_UNDER,TRANSPLANTATION_SITE
80,TRANSPLANTED_UNDER_ALTERNATIVE,1,TRANSPLANTED_UNDER,TRANSPLANTED_UNDER,TRANSPLANTATION_SITE
81,STRAW_PLUGS_USE_FOR,1,STRAW_PLUGS_USE_FOR,STRAW_PLUGS_USE_FOR,CONTAINMENT_METHOD
82,CUTS_WEEDS_FROM,1,CUTS_WEEDS_FROM,CUTS_WEEDS_FROM,TRIMS_PLANTS
82,EFFECTIVELY_CUTS_WEEDS_FROM,1,CUTS_WEEDS_FROM,CUTS_WEEDS_FROM,TRIMS_PLANTS
82,HAS_REMOVABLE_LEAVES,1,CUTS_WEEDS_FROM,CUTS_WEEDS_FROM,TRIMS_PLANTS
82,LEAVES_CUT_OFF_TO_LENGTH_OF,1,CUTS_WEEDS_FROM,CUTS_WEEDS_FROM,TRIMS_PLANTS
82,REMOVES_LEAVES_DURING_TRANSPLANT,1,CUTS_WEEDS_FROM,CUTS_WEEDS_FROM,TRIMS_PLANTS
82,ROOTS_CUT_TO_LENGTH_OF,1,CUTS_WEEDS_FROM,CUTS_WEEDS_FROM,TRIMS_PLANTS
83,MULCH_RELATIONSHIP,1,MULCH_RELATIONSHIP,MULCH_RELATIONSHIP,LANDSCAPING_RELATED
84,MATURITY_REACHED_AT,1,MATURITY_REACHED_AT,REACHES_MATURITY_AT,MATURITY_DATE
84,REACHES_MATURITY_AT,1,MATURITY_REACHED_AT,REACHES_MATURITY_AT,MATURITY_DATE
85,DEGENERATESINTO,1,DEGENERATESINTO,DEGENERATESINTO,DECOMPOSES_INTO
86,IS_PERENNIAL_IN,1,IS_PERENNIAL_IN,IS_PERENNIAL_IN,PLANT_LIFECYCLE_RELATIONSHIP
87,INPUT_SOURCE,1,INPUT_SOURCE,INPUT_SOURCE,DATA_INPUT
88,TURNIPS_AND_RADISHES_HARVESTED_IN_SUMMER,2,TURNIPS_AND_RADISHES_HARVESTED_IN_SUMMER,TURNIPS_AND_RADISHES_HARVESTED_IN_SUMMER,ROOT_VEGETABLES_HARVESTED_IN_SEASON
89,CHICORY_GROWN_WITH,1,CHICORY_GROWN_WITH,CHICORY_GROWN_WITH,GROWS_WITH
90,CORE_REMOVED_TO_PRESERVE,1,CORE_REMOVED_TO_PRESERVE,CORE_REMOVED_TO_PRESERVE,REMOVED_FOR_INTEGRITY
91,REQUIRES_MORE_HUMAN_RESOURCES_THAN,2,REQUIRES_MORE_HUMAN_RESOURCES_THAN,REQUIRES_MORE_HUMAN_RESOURCES_THAN,REQUIRES_ADDITIONAL_RESOURCES
92,LAND_PRICE_AT,2,LAND_PRICE_AT,LAND_PRICE_AT,LAND_CHARACTERISTICS_AT
92,LAND_QUALITY_AT,2,LAND_PRICE_AT,LAND_PRICE_AT,LAND_CHARACTERISTICS_AT
93,INCREASE_FERTILITY_OF,1,INCREASE_FERTILITY_OF,INCREASE_FERTILITY_OF,AFFECTS_FERTILITY_OF
93,MAINTAINS_FERTILITY_OF,1,INCREASE_FERTILITY_OF,INCREASE_FERTILITY_OF,AFFECTS_FERTILITY_OF
94,IS_TYPE_OF,1,IS_TYPE_OF,IS_TYPE_OF,INSTANCE_OF
95,RELIGIOUS_CEREMONY_ATTENDED_BY,1,RELIGIOUS_CEREMONY_ATTENDED_BY,RELIGIOUS_CEREMONY_ATTENDED_BY,ATTENDEE_OF_EVENT
96,SEED_COVER_METHOD,1,SEED_COVER_METHOD,SEED_COVER_METHOD,PLANTING_TECHNIQUE
97,DOORMAT_CONSTRUCTED_USING,1,DOORMAT_CONSTRUCTED_USING,DOORMAT_CONSTRUCTED_USING,MANUFACTURING_MATERIAL
98,PEOPLE_CONTRIBUTIONS,2,PEOPLE_CONTRIBUTIONS,PEOPLE_CONTRIBUTIONS,CONTRIBUTORSHIP
99,IMROVES_SOIL_CONDITION,1,IMROVES_SOIL_CONDITION,IMROVES_SOIL_CONDITION,ENHANCES_ENVIRONMENTAL_QUALITY
100,PROVIDES_TO_ESTABLISHMENT,1,SPENT_BY_ESTABLISHMENT,PROVIDES_TO_ESTABLISHMENT,ESTABLISHMENT_RELATIONSHIP
100,SPENT_BY_ESTABLISHMENT,1,SPENT_BY_ESTABLISHMENT,PROVIDES_TO_ESTABLISHMENT,ESTABLISHMENT_RELATIONSHIP
101,SELECTED_AT,1,SELECTED_AT,SELECTED_AT,SELECTED_ON_BASIS
101,SELECTED_BASED_ON_QUALITY,1,SELECTED_AT,SELECTED_AT,SELECTED_ON_BASIS
101,SELECTED_FOR_PLANTING,1,SELECTED_AT,SELECTED_AT,SELECTED_ON_BASIS
102,AFFECTED_BY_SOIL_CONDITION,1,AFFECTS_PLANT,AFFECTS_PLANT_GROWTH,AFFECTS_ENVIRONMENTAL_CONDITIONS
102,AFFECTS_DEVELOPMENT_OF,1,AFFECTS_PLANT,AFFECTS_PLANT_GROWTH,AFFECTS_ENVIRONMENTAL_CONDITIONS
102,AFFECTS_PLANT,1,AFFECTS_PLANT,AFFECTS_PLANT_GROWTH,AFFECTS_ENVIRONMENTAL_CONDITIONS
102,AFFECTS_PLANT_GROWTH,1,AFFECTS_PLANT,AFFECTS_PLANT_GROWTH,AFFECTS_ENVIRONMENTAL_CONDITIONS
102,AFFECTS_SOIL_MOISTURE,1,AFFECTS_PLANT,AFFECTS_PLANT_GROWTH,AFFECTS_ENVIRONMENTAL_CONDITIONS
102,MODIFIES_SOIL_STRUCTURE,1,AFFECTS_PLANT,AFFECTS_PLANT_GROWTH,AFFECTS_ENVIRONMENTAL_CONDITIONS
102,PLANTS_AFFECTED_BY_WEATHER_CONDITIONS,1,AFFECTS_PLANT,AFFECTS_PLANT_GROWTH,AFFECTS_ENVIRONMENTAL_CONDITIONS
102,PRODUCES_SOIL_CONDITION,1,AFFECTS_PLANT,AFFECTS_PLANT_GROWTH,AFFECTS_ENVIRONMENTAL_CONDITIONS
102,SOIL_CONDITION_AFFECTS,1,AFFECTS_PLANT,AFFECTS_PLANT_GROWTH,AFFECTS_ENVIRONMENTAL_CONDITIONS
102,SOIL_QUALITY_IMPACTS_PLANT_GROWTH,1,AFFECTS_PLANT,AFFECTS_PLANT_GROWTH,AFFECTS_ENVIRONMENTAL_CONDITIONS
102,SUPPORTS_PLANT_GROWTH,1,AFFECTS_PLANT,AFFECTS_PLANT_GROWTH,AFFECTS_ENVIRONMENTAL_CONDITIONS
102,WEATHER_IMPACTS_ON_CROPS,1,AFFECTS_PLANT,AFFECTS_PLANT_GROWTH,AFFECTS_ENVIRONMENTAL_CONDITIONS
103,OPENED_COMPETITION,1,OPENED_COMPETITION,OPENED_COMPETITION,COMPETITION_STATUS
104,MARKET_GARDENER_CHILDREN_RELATIONSHIP,1,MARKET_GARDENER_ROLE,MARKET_GARDENER_ROLE,MARKET_GARDENING_CONTEXT
104,MARKET_GARDENER_ROLE,1,MARKET_GARDENER_ROLE,MARKET_GARDENER_ROLE,MARKET_GARDENING_CONTEXT
104,MARKET_GARDENING_ASSOCIATED_WITH,1,MARKET_GARDENER_ROLE,MARKET_GARDENER_ROLE,MARKET_GARDENING_CONTEXT
104,MARKET_GARDENING_REQUIRES_MAINTENANCE_FERTILIZER,1,MARKET_GARDENER_ROLE,MARKET_GARDENER_ROLE,MARKET_GARDENING_CONTEXT
105,MASTER_OF,3,MASTER_OF,MASTER_OF,SUPERIOR_TO
106,SETS_SEED_LESS_QUICKLY_THAN,1,SETS_SEED_LESS_QUICKLY_THAN,SETS_SEED_LESS_QUICKLY_THAN,SEEDING_DIFFERENCE
107,ESCAROLE_BOUND_WITH,1,ESCAROLE_BOUND_WITH,ESCAROLE_BOUND_WITH,BOUND_TO
108,SAVINGS_BANK_DEPOSITOR,1,SAVINGS_BANK_DEPOSITOR,SAVINGS_BANK_DEPOSITOR,ACCOUNT_HOLDER
109,PRECAUTIONARY_MEASURE_DURING_PLANT_TRANSFER,1,PRECAUTIONARY_MEASURE_DURING_PLANT_TRANSFER,PRECAUTIONARY_MEASURE_DURING_PLANT_TRANSFER,PLANT_TRANSFER_PRECAUTIONS
