raw_name,normalized_for_embedding,normalized_for_analysis,count
 COMPARED_TO,compared to,compared to,1
 HAS_ROOT,has root,has root,1
 REPLACES,replaces,replaces,1
-has_condition-relationship,has condition relationship,has condition relationship,1
-has_part-relationship,has part relationship,has part relationship,3
-is_superior_to-relationship,superior to relationship,superior to relationship,1
-requires-relationship,requires relationship,requires relationship,1
ABSORBS_HEAT_FROM,absorbs heat from,absorbs heat from,1
ADJACENT_IN_FIELD_LAYOUT,adjacent in field layout,adjacent in field layout,1
AFFECTED_BY,affected by,affected by,75
AFFECTED_BY_AGE,affected by age,affected by age,1
AFFECTED_BY_COMPETITION_FROM_OUTSIDE_REGION,affected by competition from outside region,affected by competition from outside region,1
AFFECTED_BY_CONDITION,affected by condition,affected by condition,1
AFFECTED_BY_DISEASE,affected by disease,affected by disease,1
AFFECTED_BY_ENVIRONMENTAL_CONDITION,affected by environmental condition,affected by environmental condition,1
AFFECTED_BY_ENVIRONMENTAL_CONDITIONS,affected by environmental conditions,affected by environmental conditions,1
AFFECTED_BY_FROST,affected by frost,affected by frost,1
AFFECTED_BY_MANURE_FERTILITY,affected by manure fertility,affected by manure fertility,1
AFFECTED_BY_MELON_PRUNING,affected by melon pruning,affected by melon pruning,2
AFFECTED_BY_MUSHROOM_GROWTH,affected by mushroom growth,affected by mushroom growth,1
AFFECTED_BY_PEST,affected by pest,affected by pest,1
AFFECTED_BY_PESTS,affected by pests,affected by pests,1
AFFECTED_BY_PEST_OR_DISEASE,affected by pest or disease,affected by pest or disease,2
AFFECTED_BY_POLICE_BAN,affected by police ban,affected by police ban,1
AFFECTED_BY_PRACTICES,affected by practices,affected by practices,1
AFFECTED_BY_ROT,affected by rot,affected by rot,1
AFFECTED_BY_SEASONAL_CHANGES,affected by seasonal changes,affected by seasonal changes,1
AFFECTED_BY_SNOW,affected by snow,affected by snow,1
AFFECTED_BY_TEMPERATURE,affected by temperature,affected by temperature,2
AFFECTED_BY_WATER_LOVING,affected by water loving,affected by water loving,1
AFFECTED_BY_WEATHER,affected by weather,affected by weather,3
AFFECTED_BY_WEATHER_CONDITION,affected by weather condition,affected by weather condition,5
AFFECTED_BY_WEATHER_CONDITIONS,affected by weather conditions,affected by weather conditions,7
AFFECTS,affects,affects,3
AFFECTS_ADVANCEMENT_OF,affects advancement,affects advancement,1
AFFECTS_CROP,affects crop,affects crop,1
AFFECTS_CROP_GROWTH,affects crop growth,affects crop growth,1
AFFECTS_GROWTH,affects growth,affects growth,1
AFFECTS_GROWTH_OF,affects growth,affects growth,1
AFFECTS_LOCAL_MARKET_GARDENERS_COMPETITIVENESS_DUE_TO_FACTOR,affects local market gardeners competitiveness due to factor,affects local market gardeners competitiveness due to factor,1
AFFECTS_QUALITY_OF,affects quality,affects quality,1
AFFECTS_THE_GROWTH_OF,affects growth,affects growth,1
AFFECTS_YIELD,affects yield,affects yield,1
AFFTECTED_BY_DISEASE,afftected by disease,afftected by disease,1
AIMED_AT_PRODUCING_MANUAL_FOR,aimed at producing manual for,aimed at producing manual for,1
ALLOWED_TO_GROW,allowed to grow,allowed to grow,1
ALTERNATIVELY_PLANTED_WITH,alternatively planted with,alternatively planted with,1
ALTERNATIVELY_PREFFERED_FOR,alternatively preffered for,alternatively preffered for,1
ALTERNATIVE_TO,alternative to,alternative to,1
APPLIED_AT,applied at,applied at,1
APPLIED_IN,applied in,applied in,1
APPLIED_TO,applied to,applied to,1
APPLY_TREATMENT_ON_AREA,apply treatment on area,apply treatment on area,1
ARE_ALTERNATIVELY_lined_WITH,alternatively lined with,alternatively lined with,1
ARE_ASSOCIATED_WITH,associated with,associated with,1
ARE_CUT_FLUSH_WITH_THE_GROUND_IF THEY_ARE_DRY,cut flush with ground if they are dry,cut flush with ground if they are dry,1
ARE_LIGHTLY_TILLED,lightly tilled,lightly tilled,1
ARE_NOT_FOUND_IN,not found in,not found in,1
ARE_PLANTED_AT_SPECIFIC_GROWTH_STAGE,planted at specific growth stage,planted at specific growth stage,1
ARE_RESISTANT_TO,resistant to,resistant to,1
ARE_SOWN,sown,sown,1
ARE_SOWN_BETWEEN_DATES,sown between dates,sown between dates,2
ARE_SOWN_IN_MONTH,sown in month,sown in month,2
ARE_SOWN_IN_MONTH_FOR_TRANSPORTATION,sown in month for transportation,sown in month for transportation,2
ARE_STUFFED_AND_RELINED_IN,stuffed and relined in,stuffed and relined in,1
ARE_TRANSPLANTED_INTO_BOXES,transplanted into boxes,transplanted into boxes,1
ARE_TRANSPLANTED_INTO_NURSERY,transplanted into nursery,transplanted into nursery,3
ARE_WARMED_UP_FROM_MONTH,warmed up from month,warmed up from month,2
ARElined_WITH,arelined with,arelined with,1
ARRANGED_IN,arranged in,arranged in,1
ARRANGED_UNDERNEATH_OF,arranged underneath,arranged underneath,1
ASSEMBLED_INTO,assembled into,assembled into,1
ASSOCIATED_WITH,associated with,associated with,5
ASSOCIATED_WITH_FARM_PRACTICE,associated with farm practice,associated with farm practice,1
ASSOCIATED_WITH_GARDENS_IN_PARIS,associated with gardens in paris,associated with gardens in paris,1
ASSOCIATED_WITH_INSTITUTION_OR_WORKER,associated with institution or worker,associated with institution or worker,1
ASSOCIATED_WITH_SOIL_CONDITIONS,associated with soil conditions,associated with soil conditions,1
AS_PARAPHRASED,as paraphrased,as paraphrased,1
AUTHORED_BY,authored by,authored by,3
AVAILABLE_ALMOST_ALL_YEAR_ROUND,available almost all year round,available almost all year round,1
AVAILABLE_IN,available in,available in,7
AVAILABLE_IN_ABUNDANCE,available in abundance,available in abundance,1
AWARDED_BY,awarded by,awarded by,1
AWARDED_WITH,awarded with,awarded with,1
BASED_ON_DESIRE_FOR_PUBLICATION,based on desire for publication,based on desire for publication,1
BASED_ON_PROGRAM_OF,based on program,based on program,1
BEARS_APPLES_IN,bears apples in,bears apples in,1
BEARS_FRUIT_IN,bears fruit in,bears fruit in,1
BEGINS_AT_MONTH_OF,begins at month,begins at month,1
BELL_MARKED_AT,bell marked at,bell marked at,1
BELL_PLACEMENT_MONTH,bell placement month,bell placement month,1
BELONGS_TO,belongs to,belongs to,2
BELONGS_TO_FAMILY,belongs to family,belongs to family,1
BELONGS_TO_FAMILY_SECTION,belongs to family section,belongs to family section,1
BELONGS_TO_SECTION,belongs to section,belongs to section,1
BELONGS_TO_THE_SAME_PLANT_TYPE,belongs to same plant type,belongs to same plant type,1
BELONG_TO_SAME_GENUS,belong to same genus,belong to same genus,1
BENEFICIAL_FOR,beneficial for,beneficial for,1
BENEFITS_ACCESSIBILITY,benefits accessibility,benefits accessibility,1
BENEFITS_FROM,benefits from,benefits from,1
BLANCHED_USING,blanched using,blanched using,2
BLANCHES_FROM,blanches from,blanches from,1
BOUND_FOR_BLANCHING,bound for blanching,bound for blanching,1
BURIED_WITH,buried with,buried with,1
CABBAGE_POMMENT_AGE,cabbage pomment age,cabbage pomment age,1
CALAISSED_FROM,calaissed from,calaissed from,1
CANTALOUPE_CROP_OF,cantaloupe crop,cantaloupe crop,1
CAN_BE_AFFECTED_BY,affected by,affected by,3
CAN_BE_FORCED_IN_NOVEMBER_WITH_16_CM_COMPOST_LAYER_AND_CLOVER,forced in november with 16 cm compost layer and clover,forced in november with 16 cm compost layer and clover,1
CAN_BE_GROWN_AGAIN_IN,grown again in,grown again in,1
CAN_BE_HARVESTED_IN_SUMMER,harvested in summer,harvested in summer,1
CAN_BE_IRRIGATED_WITH,irrigated with,irrigated with,1
CAN_BE_LEFT_IN,left in,left in,1
CAN_BE_MADE_FIRMER_BY,made firmer by,made firmer by,1
CAN_BE_PESTED_BY,pested by,pested by,1
CAN_BE_PLANTED_IN_MONTH,planted in month,planted in month,1
CAN_BE_SOLD_FROM,sold from,sold from,1
CAN_BE_SOWN_FOR_BEDDING_OR_COASTAL_PLANTING,sown for bedding or coastal planting,sown for bedding or coastal planting,2
CAN_BE_SOWN_IN,sown in,sown in,3
CAN_BE_TRANSPORTED_UNDER,transported under,transported under,2
CAN_MEASURE_TEMPERATURE,can measure temperature,can measure temperature,1
CAN_REACH_TEMPERATURE,can reach temperature,can reach temperature,1
CAN_STILL_BE_PLANTED,can still be planted,can still be planted,1
CAN_WITHSTAND,can withstand,can withstand,1
CARRIED_ON,carried on,carried on,2
CARRIES,carries,carries,2
CARRIES_ON,carries on,carries on,1
CARROT_IS_COVERED_WITH,carrot is covered with,carrot is covered with,1
CARROT_IS_SEALED_WITH,carrot is sealed with,carrot is sealed with,1
CARROT_IS_SOWN_IN,carrot is sown in,carrot is sown in,1
CARROT_IS_SOWN_ON,carrot is sown on,carrot is sown on,1
CATEGORY_OF,category,category,2
CAUSED_BY,caused by,caused by,1
CAUSES,causes,causes,1
CAUSES_CONDITION,causes condition,causes condition,2
CHARACTERISTIC_OF,characteristic,characteristic,1
CHARACTERIZED_BY_STEM_AND_CAP,characterized by stem and cap,characterized by stem and cap,1
CHECKED_FOR,checked for,checked for,1
CLASSIFIED_UNDER,classified under,classified under,2
CLEANED_WITH,cleaned with,cleaned with,1
CLOSED_WITH_FRAMES,closed with frames,closed with frames,1
COIFFES_IN_MONTH,coiffes in month,coiffes in month,1
COLLAR_SUNK_INTO_GROUND,collar sunk into ground,collar sunk into ground,2
COLOCATED_WITHIN,colocated within,colocated within,1
COLORED_LEAVES,colored leaves,colored leaves,1
COMMONLY_GROWN_DURING,commonly grown during,commonly grown during,1
COMMON_NAME_OF_CROP,common name crop,common name crop,1
COMPANION_PLANT_FOR,companion plant for,companion plant for,2
COMPARED_WITH_METHODS,compared with methods,compared with methods,1
COMPETES_WITH,competes with,competes with,1
COMPETING_VARIETY_OF,competing variety,competing variety,1
COMPLETELY_MILLED_TO_BLEACH,completely milled to bleach,completely milled to bleach,1
COMPRISED_OF,comprised,comprised,1
CONDITIONALLY_REQUIRES,conditionally requires,conditionally requires,1
CONNECTED_TO,connected to,connected to,1
CONNECTS_TO_FRAME,connects to frame,connects to frame,1
CONSEQUENCE_OF,consequence,consequence,1
CONSISTS_OF,consists,consists,1
CONSISTS_OF_SOIL_AND_MANURE,consists soil and manure,consists soil and manure,1
CONSUMED_IN,consumed in,consumed in,1
CONTAIN,contain,contain,1
CONTAINING,containing,containing,1
CONTAINS,contains,contains,9
CONTAINS_IN_AVERAGE,contains in average,contains in average,1
CONTAINS_MATERIALS,contains materials,contains materials,1
CONTAINS_MEASUREMENT,contains measurement,contains measurement,1
CONTAINS_PART_OF,contains part,contains part,1
CONTAINS_SEEDS,contains seeds,contains seeds,2
CONTAINS_SOIL_TYPE,contains soil type,contains soil type,1
CONTAINS_SPAWN,contains spawn,contains spawn,1
CONTAINS_SPECIES,contains species,contains species,2
CONTAINS_SUBSTANCE_AS_SEED,contains substance as seed,contains substance as seed,1
CONTAINS_VARIETIES,contains varieties,contains varieties,2
CONTINUES_TO_BE_HEATED,continues to be heated,continues to be heated,1
CONTINUE_TO_BE_TRANSPLANTED,continue to be transplanted,continue to be transplanted,6
CONTRIBUTED_TO,contributed to,contributed to,1
CONVERTED_TO,converted to,converted to,1
COOLING_LOCATION,cooling location,cooling location,1
COOPER_CINNAMON_USED_IN_LEAD_PIPE_END,cooper cinnamon used in lead pipe end,cooper cinnamon used in lead pipe end,1
COSTS,costs,costs,2
COSTS_ASSOCIATED_WITH_EQUIPMENT,costs associated with equipment,costs associated with equipment,2
COUNTER_PLANTED_WITH,counter planted with,counter planted with,1
COVERED_BY,covered by,covered by,2
COVERED_FOR,covered for,covered for,1
COVERED_FROM,covered from,covered from,1
COVERED_IN,covered in,covered in,1
COVERED_WITH,covered with,covered with,37
COVERED_WITH_AT_NIGHT,covered with at night,covered with at night,1
COVERED_WITH_FRAMES,covered with frames,covered with frames,1
COVERED_WITH_LITTER_OR_MAT_DURING_DAY,covered with litter or mat during day,covered with litter or mat during day,1
COVERED_WITH_MANURE,covered with manure,covered with manure,1
COVERED_WITH_SOIL,covered with soil,covered with soil,1
COVERED_WITH_STRAW_MATS,covered with straw mats,covered with straw mats,1
COVERS_SOIL_FOR,covers soil for,covers soil for,1
COVERS_WITH,covers with,covers with,1
CREATED_EDGE_ON_NORTH_SIDE,created edge on north side,created edge on north side,1
CROP_ASSOCIATED_WITH_EQUIPMENT,crop associated with equipment,crop associated with equipment,1
CROP_ASSOCIATION,crop association,crop association,1
CROP_AVAILABILITY_SEASON,crop availability season,crop availability season,1
CROP_CHARACTERISTIC,crop characteristic,crop characteristic,1
CROP_GRAFTING,crop grafting,crop grafting,1
CROP_GROWN,crop grown,crop grown,2
CROP_GROWN_AT,crop grown at,crop grown at,1
CROP_GROWN_FOR,crop grown for,crop grown for,1
CROP_GROWN_FROM,crop grown from,crop grown from,1
CROP_GROWTH_STAGE_TRANSITION,crop growth stage transition,crop growth stage transition,1
CROP_PLANTED,crop planted,crop planted,1
CROP_PREFERENCE_LOCATION,crop preference location,crop preference location,1
CROP_TYPE,crop type,crop type,6
CROP_VARIEGES,crop varieges,crop varieges,3
CROP_VARIEGY,crop variegy,crop variegy,1
CROP_VARIEIES,crop varieies,crop varieies,2
CROP_VARIETY,crop variety,crop variety,6
CROP_VARIETY_RELATED_TO_CROP,crop variety related to crop,crop variety related to crop,4
CROP_VARIEYT,crop varieyt,crop varieyt,1
CROP_VARIEYT_RELATIONSHIP,crop varieyt relationship,crop varieyt relationship,1
CULTIVATED,cultivated,cultivated,3
CULTIVATED_AFTER,cultivated after,cultivated after,1
CULTIVATED_AS,cultivated as,cultivated as,2
CULTIVATED_AT,cultivated at,cultivated at,2
CULTIVATED_BY,cultivated by,cultivated by,2
CULTIVATED_DURING,cultivated during,cultivated during,5
CULTIVATED_FOR,cultivated for,cultivated for,1
CULTIVATED_FROM,cultivated from,cultivated from,1
CULTIVATED_GENUS_CONTAINS_SPECIES,cultivated genus contains species,cultivated genus contains species,1
CULTIVATED_IN,cultivated in,cultivated in,2
CULTIVATED_IN_ROWS,cultivated in rows,cultivated in rows,1
CULTIVATED_ON,cultivated on,cultivated on,3
CULTIVATED_TOGETHER,cultivated together,cultivated together,1
CULTIVATED_UNDER_SPECIFIC_CONDITIONS,cultivated under specific conditions,cultivated under specific conditions,1
CULTIVATED_UNTIL,cultivated until,cultivated until,2
CULTIVATED_USING,cultivated using,cultivated using,2
CULTIVATED_USING_FORCED_CULTIVATION_METHOD,cultivated using forced cultivation method,cultivated using forced cultivation method,1
CULTIVATED_VARIETY,cultivated variety,cultivated variety,1
CULTIVATED_WITH,cultivated with,cultivated with,1
CULTIVATED_WITH_TOOL,cultivated with tool,cultivated with tool,1
CUT_AT,cut at,cut at,2
CUT_BACK_REGULARLY,cut back regularly,cut back regularly,1
CUT_BY,cut by,cut by,1
CUT_DURING,cut during,cut during,1
CUT_IN_YEAR,cut in year,cut in year,1
CUT_WITH,cut with,cut with,1
DEEPENED,deepened,deepened,1
DEGENERATES_EASILY,degenerates easily,degenerates easily,1
DEPANELLED_AT,depanelled at,depanelled at,1
DEPICTED_BY,depicted by,depicted by,1
DEPICTS,depicts,depicts,1
DERIVED_FROM,derived from,derived from,1
DESTROYED_BY,destroyed by,destroyed by,1
DESTROYED_IF_NOT_SPARRED_FOR_SEED,destroyed if not sparred for seed,destroyed if not sparred for seed,1
DESTRUCTIVE_IMPACT_ON_PLANTS,destructive impact on plants,destructive impact on plants,1
DEVELOPED_BY,developed by,developed by,1
DEVELOPS_INTO,develops into,develops into,1
DIFFERENT_CULTURE_THAN,different culture than,different culture than,1
DIFFERENT_PLANTING_METHOD,different planting method,different planting method,1
DIFFERENT_SOIL_CONDITION,different soil condition,different soil condition,1
DIFFERS_FROM,differs from,differs from,1
DIFFERS_FROM_PARENT_PLANT,differs from parent plant,differs from parent plant,1
DIFFERS_IN,differs in,differs in,1
DIFFERS_IN_ACCESSIBILITY,differs in accessibility,differs in accessibility,1
DIFFERS_IN_FLESH_COLOR_FROM,differs in flesh color from,differs in flesh color from,1
DIFFERS_IN_GROWTH_FROM,differs in growth from,differs in growth from,1
DIFFERS_IN_QUALITY_FROM,differs in quality from,differs in quality from,1
DIFFERS_IN_RUNNIG_FROM,differs in runnig from,differs in runnig from,4
DIFFERS_IN_SHAPE_FROM,differs in shape from,differs in shape from,1
DIFFERS_IN_SIZE_AND_LATER_BY,differs in size and later by,differs in size and later by,1
DISEASE_AFFECTED_BY,disease affected by,disease affected by,3
DISEASE_AFFECTS_CROP,disease affects crop,disease affects crop,2
DIVIDED_INTO,divided into,divided into,1
DOCUMENTED_AT,documented at,documented at,1
DOES_NOT_NEED_TRANSPLANTING_DUE_TO_SOIL_CONDITION,does not need transplanting due to soil condition,does not need transplanting due to soil condition,1
DOES_NOT_RESULT_IN,does not result in,does not result in,1
Damaged_BY,damaged by,damaged by,1
EARLY_PLANTED_BY,early planted by,early planted by,1
EATEN_BY,eaten by,eaten by,1
EDGE_WITH,edge with,edge with,1
EFFECTED_BY,effected by,effected by,1
EFFECTED_BY_STRUCTURES,effected by structures,effected by structures,1
EMPLOYED_IN_MARKET_GARDENING,employed in market gardening,employed in market gardening,1
EMPLOYS,employs,employs,1
ENCOURAGED_TO_CONTRIBUTE,encouraged to contribute,encouraged to contribute,1
ENCROACHES_WITH,encroaches with,encroaches with,1
ENHANCES_PRODUCTIVITY,enhances productivity,enhances productivity,1
EQUIPMENT_COMPONENT_OF,equipment component,equipment component,1
EQUIPMENT_DEVELOPED_TO_HELP_FARMS_USE_EQUIPMENT_BETTER,equipment developed to help farms use equipment better,equipment developed to help farms use equipment better,1
EQUIPMENT_USED_BY,equipment used by,equipment used by,1
EQUIPMENT_USED_FOR_PREPARATION,equipment used for preparation,equipment used for preparation,1
EQUIPPED_WITH,equipped with,equipped with,4
ESTABLISHED_IN,established in,established in,1
EXCELLENT_QUALITY,excellent quality,excellent quality,1
EXERTS_EFFECT_ON,exerts effect on,exerts effect on,1
EXHIBITS_CHARACTERISTIC,exhibits characteristic,exhibits characteristic,1
EXPECTED_AT,expected at,expected at,1
EXPERIMENTED_BY,experimented by,experimented by,1
EXPOSED_TO,exposed to,exposed to,1
EXPOSED_TO_AIR_AROUND,exposed to air around,exposed to air around,1
EXPOSED_TO_AIR_BY_MEANS_OF,exposed to air by means,exposed to air by means,1
EXPOSED_TO_LIGHT_THROUGH,exposed to light through,exposed to light through,1
EXPOSED_TO_NATURAL_ELEMENT_FOR_AIRING,exposed to natural element for airing,exposed to natural element for airing,1
EXPOSED_TO_WIND,exposed to wind,exposed to wind,1
EXPOSURE_INFLUENCE_ON_GROWTH,exposure influence on growth,exposure influence on growth,1
EXTENDS_INTO_PATHS,extends into paths,extends into paths,1
EXTRACTED_FROM_ECONOMICS_DATA,extracted from economics data,extracted from economics data,1
FAMILY_CLASSIFICATION,family classification,family classification,1
FARMING_PRACTICE,farming practice,farming practice,1
FARMING_PRACTICE_RELATED,farming practice related,farming practice related,2
FED_BY,fed by,fed by,1
FERTILIZED_WITH,fertilized with,fertilized with,1
FIELD_PREPARATION_PRACTICE,field preparation practice,field preparation practice,1
FILLED_WITH,filled with,filled with,1
FILLED_WITH_SOIL,filled with soil,filled with soil,1
FIX,fix,fix,1
FLOWERS_IN,flowers in,flowers in,1
FOLLOWED_BY,followed by,followed by,3
FOLLOWED_BY_CROP,followed by crop,followed by crop,1
FOLLOWS_AFTER,follows after,follows after,1
FOLLOWS_IN_DEVELOPMENT,follows in development,follows in development,1
FOLLOWS_LAYERS,follows layers,follows layers,5
FOLLOW_EXAMPLE_OF,follow example,follow example,1
FORMS_INTO,forms into,forms into,1
FOUNDED_PRIZE,founded prize,founded prize,1
FOUND_IN,found in,found in,2
FRAMES_AREUSED_WITH_PEAS,frames areused with peas,frames areused with peas,1
FRAME_CONTAINS_PLANT,frame contains plant,frame contains plant,1
FREEZE_IMPACT,freeze impact,freeze impact,1
FREE_FROM,free from,free from,1
FRUITS_AFFECTED_BY,fruits affected by,fruits affected by,1
GAVE_BACK,gave back,gave back,1
GENERATED_FROM,generated from,generated from,2
GERMINATED_IN,germinated in,germinated in,1
GERMINATES_FOR,germinates for,germinates for,2
GERMINATES_WITHIN,germinates within,germinates within,1
GERMINATION_TIMEFRAME,germination timeframe,germination timeframe,1
GEUREA_FAMILY_CONTAINS,geurea family contains,geurea family contains,1
GIVEN_AIR_GRADUALLY,given air gradually,given air gradually,1
GIVEN_AIR_USING,given air using,given air using,1
GIVEN_AIR_WHEN_POSSIBLE,given air when possible,given air when possible,1
GOES_TO_SEED,goes to seed,goes to seed,1
GOPTED_WITH,gopted with,gopted with,1
GREENER_THAN,greener than,greener than,2
GREW_STRONG_ENOUGH_TO_BE_TRANSPLANTED_IN,grew strong enough to be transplanted in,grew strong enough to be transplanted in,1
GROUPED_WITH,grouped with,grouped with,1
GROWN_AFTER,grown after,grown after,2
GROWN_AROUND,grown around,grown around,1
GROWN_AS,grown as,grown as,1
GROWN_AT,grown at,grown at,1
GROWN_BY,grown by,grown by,3
GROWN_FOR,grown for,grown for,1
GROWN_FROM,grown from,grown from,2
GROWN_IN,grown in,grown in,81
GROWN_IN.SEASON,grown in season,grown in season,1
GROWN_IN.STAGE,grown in stage,grown in stage,1
GROWN_IN_CLOSE_PROXIMITY_TO,grown in close proximity to,grown in close proximity to,1
GROWN_IN_CONDITION,grown in condition,grown in condition,1
GROWN_IN_FRAMES,grown in frames,grown in frames,1
GROWN_IN_MANURE_FILLED_PITS,grown in manure filled pits,grown in manure filled pits,1
GROWN_IN_MONTHS_OF_THE_YEAR,grown in months year,grown in months year,1
GROWN_IN_PREFERENCE_TO,grown in preference to,grown in preference to,1
GROWN_IN_SEASON,grown in season,grown in season,1
GROWN_IN_SPECIFIC_REGIONS_OR_SETTINGS,grown in specific regions or settings,grown in specific regions or settings,1
GROWN_NEAR,grown near,grown near,1
GROWN_ON,grown on,grown on,4
GROWN_ON_COASTAL_REGIONS,grown on coastal regions,grown on coastal regions,1
GROWN_SIMILARLY_TO,grown similarly to,grown similarly to,1
GROWN_TO_LENGTH,grown to length,grown to length,1
GROWN_UNDER,grown under,grown under,6
GROWN_UNDER_STRUCTURE,grown under structure,grown under structure,1
GROWN_WITH,grown with,grown with,3
GROWS_AFTER,grows after,grows after,1
GROWS_AT_DIFFERENT_RATES_THAN,grows at different rates than,grows at different rates than,1
GROWS_AT_HEIGHT,grows at height,grows at height,1
GROWS_AT_HEIGHT_OF,grows at height,grows at height,1
GROWS_DURING,grows during,grows during,9
GROWS_FAST,grows fast,grows fast,1
GROWS_FROM,grows from,grows from,1
GROWS_IN,grows in,grows in,29
GROWS_INTO_FRUIT,grows into fruit,grows into fruit,1
GROWS_IN_CONDITIONS_OF,grows in conditions,grows in conditions,1
GROWS_IN_SEASON,grows in season,grows in season,1
GROWS_IN_WIDTH,grows in width,grows in width,1
GROWS_ON,grows on,grows on,1
GROWS_PRODUCE,grows produce,grows produce,1
GROWS_TO,grows to,grows to,2
GROWS_TO_HEIGHT,grows to height,grows to height,1
GROWS_TO_HEIGHT_OF,grows to height,grows to height,1
GROWS_UNDER,grows under,grows under,3
GROWTH_CONDITION_REQUIRES,growth condition requires,growth condition requires,1
GROWTH_RATE_COMPARISON,growth rate comparison,growth rate comparison,1
GROWTH_RESTRICTED_IN,growth restricted in,growth restricted in,1
GROWTH_STAGE,growth stage,growth stage,4
GROWTH_STAGE_IS_REACHED_ON,growth stage is reached on,growth stage is reached on,1
GROWTH_STAGE_OCCURS_AFTER,growth stage occurs after,growth stage occurs after,1
GROWTH_STAGE_OF,growth stage,growth stage,2
GROWTH_STAGE_RELATED_TO_GROWTH_STAGE,growth stage related to growth stage,growth stage related to growth stage,2
GROWTH_STAGE_TRANSITION,growth stage transition,growth stage transition,2
GROWTH_STAGE_TRANSITION_ON,growth stage transition on,growth stage transition on,1
HAD_COMPETITION_OPEN,had competition open,had competition open,1
HAIR_FAVORABLE_FOR_GROWTH_IN,hair favorable for growth in,hair favorable for growth in,1
HANDLED_BY_SPECIFIC_GROUP_OF_PEOPLE,handled by specific group people,handled by specific group people,1
HAND_PLANTED,hand planted,hand planted,1
HAPPENS_BEFORE,happens before,happens before,1
HARROWED_WITH,harrowed with,harrowed with,1
HARVESTABLE_IN_AUTUMN,harvestable in autumn,harvestable in autumn,1
HARVESTED,harvested,harvested,1
HARVESTED_AFTER,harvested after,harvested after,1
HARVESTED_AT,harvested at,harvested at,5
HARVESTED_AT_BEGINNING_OF_FEBRUARY,harvested at beginning february,harvested at beginning february,1
HARVESTED_AT_SPECIFIC_TIME,harvested at specific time,harvested at specific time,1
HARVESTED_DURING,harvested during,harvested during,1
HARVESTED_FOR,harvested for,harvested for,1
HARVESTED_FROM,harvested from,harvested from,13
HARVESTED_IN,harvested in,harvested in,10
HARVESTED_IN_MONTH,harvested in month,harvested in month,1
HARVESTED_IN_OCTOBER,harvested in october,harvested in october,1
HARVESTED_IN_SEASON,harvested in season,harvested in season,1
HARVESTED_ON,harvested on,harvested on,1
HARVESTED_ON_DATE,harvested on date,harvested on date,1
HARVESTED_ON_END_DATE,harvested on end date,harvested on end date,1
HARVESTS_EVERY,harvests every,harvests every,1
HARVEST_DATE,harvest date,harvest date,2
HARVEST_SEASON,harvest season,harvest season,1
HAS_CHARACTERISTIC,has characteristic,has characteristic,1
HAS_CHARACTERISTICS,has characteristics,has characteristics,1
HAS_COMPONENT,has component,has component,5
HAS_COMPONENTS,has components,has components,1
HAS_COST,has cost,has cost,2
HAS_COSTLY_FEEDING_PRACTICE,has costly feeding practice,has costly feeding practice,2
HAS_CROP,has crop,has crop,1
HAS_CROP_RELATIONSHIP_WITH,has crop relationship with,has crop relationship with,1
HAS_CROSSBEAM_CONNECTING_TIMBERS,has crossbeam connecting timbers,has crossbeam connecting timbers,1
HAS_DIFFERENT_CHARACTERISTICS_THAN,has different characteristics than,has different characteristics than,2
HAS_FRAME,has frame,has frame,1
HAS_FRUITING_STAGE,has fruiting stage,has fruiting stage,1
HAS_FRUIT_LENGTH,has fruit length,has fruit length,1
HAS_GROWTH_PATTERN,has growth pattern,has growth pattern,1
HAS_GROWTH_STAGE,has growth stage,has growth stage,12
HAS_GROWTH_STAGE_RELATIONSHIP_WITH,has growth stage relationship with,has growth stage relationship with,1
HAS_HARVESTING_SCHEDULE,has harvesting schedule,has harvesting schedule,1
HAS_LEAF_CHARACTERISTICS,has leaf characteristics,has leaf characteristics,1
HAS_LEAVES,has leaves,has leaves,1
HAS_PART,has part,has part,1
HAS_PARTS,has parts,has parts,1
HAS_PATTERN,has pattern,has pattern,1
HAS_PEST_RELATIONSHIP_WITH,has pest relationship with,has pest relationship with,1
HAS_PLANTING_DATE,has planting date,has planting date,3
HAS_PRACTICE,has practice,has practice,1
HAS_PRUNING_PRACTICE,has pruning practice,has pruning practice,1
HAS_PRUNING_STAGE,has pruning stage,has pruning stage,1
HAS_PULLEY,has pulley,has pulley,1
HAS_RELATIONSHIP_WITH,has relationship with,has relationship with,1
HAS_RELATIONSHIP_WITH_SOIL_HUMIDITY,has relationship with soil humidity,has relationship with soil humidity,1
HAS_REPUTATION_AS,has reputation as,has reputation as,1
HAS_ROOT,has root,has root,1
HAS_SAME_GROWTH_PATTERN,has same growth pattern,has same growth pattern,1
HAS_SEASONAL_CYCLE,has seasonal cycle,has seasonal cycle,1
HAS_SEED_CHARACTERISTICS,has seed characteristics,has seed characteristics,1
HAS_SEED_LENGTH,has seed length,has seed length,1
HAS_SHAPE,has shape,has shape,1
HAS_SIMILAR_SEED_TO,has similar seed to,has similar seed to,1
HAS_SIZE_SIMILAR_TO,has size similar to,has size similar to,1
HAS_SPECIES,has species,has species,1
HAS_TIMBER_SUPPORTS,has timber supports,has timber supports,1
HAS_TIME_TO_MATURITY,has time to maturity,has time to maturity,2
HAS_TOOL,has tool,has tool,1
HAS_TRACING_ROOTS,has tracing roots,has tracing roots,1
HAS_VALUE_BETWEEN,has value between,has value between,2
HAS_VARIETIES,has varieties,has varieties,1
HAS_VARIETY,has variety,has variety,6
HAS_WIDER_LEAVES_THAN,has wider leaves than,has wider leaves than,1
HAS_WIDTH_AND_DEPTH,has width and depth,has width and depth,1
HAVE_AVERAGE_COST_OF,have average cost,have average cost,2
HAVE_COMMON_PARTS,have common parts,have common parts,2
HAVE_COMPONENT,have component,have component,1
HAVE_EDIBLE_PARTS_IN_COMMON,have edible parts in common,have edible parts in common,1
HAVE_SIMILAR_GROWTH_PATTERNS,have similar growth patterns,have similar growth patterns,1
HAY_REMOVED_DURING_PREPARATION,hay removed during preparation,hay removed during preparation,1
HEATED_UP_IN,heated up in,heated up in,1
HEATS_TO_PRESERVE,heats to preserve,heats to preserve,1
HELPED_BY,helped by,helped by,1
IMPACTED_BY,impacted by,impacted by,1
IMPACTED_BY_ICE_ACCUMULATION,impacted by ice accumulation,impacted by ice accumulation,1
IMPORTED_FROM,imported from,imported from,1
IMPROVED_WITH,improved with,improved with,1
IMPROVES_SOIL_FERTILITY,improves soil fertility,improves soil fertility,1
INCLUDED_IN,included in,included in,1
INCLUDES_IN_LAYERING_PROCESS,includes in layering process,includes in layering process,1
INFECTED_BY,infected by,infected by,1
INFECTED_WITH,infected with,infected with,1
INFECTS,infects,infects,1
INITIATED_RESEARCH,initiated research,initiated research,1
INPUT_USED_FOR_MULCHING,input used for mulching,input used for mulching,1
INTERPLANTED_WITH,interplanted with,interplanted with,4
INTRODUCED_CROP_INTO_MARKET_GARDENING,introduced crop into market gardening,introduced crop into market gardening,3
INTRODUCED_FRAME_INTO_MARKET_GARDENING,introduced frame into market gardening,introduced frame into market gardening,1
INTRODUCED_TO,introduced to,introduced to,1
INVOLVED_IN,involved in,involved in,1
INVOLVES,involves,involves,1
IRRIGATED_WITH,irrigated with,irrigated with,1
IRRIGATION_METHOD,irrigation method,irrigation method,2
IRRIGATION_USED_IN_PRACTICE,irrigation used in practice,irrigation used in practice,1
IS ALSO KNOWN AS,also known as,also known as,1
IS DIVIDED_BY,divided by,divided by,1
IS FITTED_WITH,fitted with,fitted with,1
IS_A,,,1
IS_AFFECTED_BY,affected by,affected by,7
IS_ARRANGED_ALONG_THE_WALLS_OF,arranged along walls,arranged along walls,1
IS_ATTACHED_TO,attached to,attached to,1
IS_AVAILABLE_IN_MONTH,available in month,available in month,1
IS_A_MEMBER_OF,member,member,1
IS_A_NATIVE_OF,native,native,1
IS_A_VARIETY_OF,variety,variety,1
IS_BENEFICIAL_FOR,beneficial for,beneficial for,1
IS_CALLED,called,called,1
IS_CAUSE_OF_DAMAGE,cause damage,cause damage,1
IS_CHARACTERIZED_BY,characterized by,characterized by,1
IS_COLLECTED_INTO,collected into,collected into,1
IS_COMPARED_TO,compared to,compared to,1
IS_COMPOSED_OF,composed,composed,1
IS_COVERED_WITH,covered with,covered with,2
IS_DIFFERENT_FROM,different from,different from,1
IS_DIFFICULT_TO_DETERMINE_FOR,difficult to determine for,difficult to determine for,2
IS_EASIER_TO_WORK_WITH_THAN,easier to work with than,easier to work with than,1
IS_EQUIPPED_WITH,equipped with,equipped with,1
IS_GOOD_FOR,good for,good for,1
IS_GROWN_BY_MARKET_GARDENERS_IN_LOCATION,grown by market gardeners in location,grown by market gardeners in location,3
IS_GROWN_FOR_FORCED_CULTIVATION,grown for forced cultivation,grown for forced cultivation,1
IS_GROWN_IN,grown in,grown in,1
IS_HARVESTED_BY,harvested by,harvested by,1
IS_HARVESTED_IN,harvested in,harvested in,2
IS_IMPACTED_BY,impacted by,impacted by,2
IS_INFERIOR_TO,inferior to,inferior to,1
IS_LESS_ACIDIC_THAN,less acidic than,less acidic than,1
IS_LIMITED_IN_USE_BY,limited in use by,limited in use by,1
IS_LOCATED_IN,located in,located in,3
IS_MORE_APPETIZING_THAN,more appetizing than,more appetizing than,1
IS_NEEDED_FOR,needed for,needed for,1
IS_NEEDED_TO_FERTILIZE,needed to fertilize,needed to fertilize,2
IS_NEEDED_TO_MAKE_FERTILE,needed to make fertile,needed to make fertile,1
IS_NOT_GROWN,not grown,not grown,3
IS_OPENED_AND_CLOSED_AS_REQUIRED,opened and closed as required,opened and closed as required,1
IS_ORIGINATED_FROM,originated from,originated from,1
IS_PART_OF,part,part,5
IS_PART_OF_PRACTICE,part practice,part practice,1
IS_PICKED_FROM,picked from,picked from,1
IS_PRACTICED_BY,practiced by,practiced by,1
IS_PREFERRED_IN,preferred in,preferred in,1
IS_PREPARED_BY,prepared by,prepared by,1
IS_PRONE_TO,prone to,prone to,1
IS_PROTECTED_BY,protected by,protected by,2
IS_PROTECTED_FROM,protected from,protected from,1
IS_READY_FOR_CONSUMPTION_AFTER,ready for consumption after,ready for consumption after,1
IS_READY_FOR_SALE,ready for sale,ready for sale,1
IS_RELATED_TO,related to,related to,2
IS_REMOVED_AFTER_SELECTION,removed after selection,removed after selection,1
IS_REPLACED_BY,replaced by,replaced by,3
IS_SET_UP_IN,set up in,set up in,1
IS_SHAKEN,shaken,shaken,1
IS_SHAPED_INTO_FORMATION,shaped into formation,shaped into formation,1
IS_SOWN_AND_PLANTED_THROUGHOUT,sown and planted throughout,sown and planted throughout,1
IS_SOWN_IN,sown in,sown in,1
IS_SOWN_IN_MONTH,sown in month,sown in month,1
IS_SOWN_IN_MONTH_IF_NEEDED,sown in month if needed,sown in month if needed,2
IS_STORED_IN,stored in,stored in,1
IS_TOPPED_AT_STAGE,topped at stage,topped at stage,2
IS_TYPE_OF,type,type,9
IS_USEFUL_FOR,useful for,useful for,1
IS_VARIETY_OF,variety,variety,10
IS_WIDE_ENOUGH_FOR,wide enough for,wide enough for,1
IS_WORKED_ON_BY_TOOL,worked on by tool,worked on by tool,1
JUNE_ASSOCIATED_EVENT,june associated event,june associated event,1
KEEPED_MOIST_AND_CLEAN_IN,keeped moist and clean in,keeped moist and clean in,1
KEPT_WARM_BY,kept warm by,kept warm by,1
KNOWN_AS,known as,known as,1
LACKS_INHERENT_QUALITY_OF,lacks inherent quality,lacks inherent quality,1
LATER_THAN,later than,later than,1
LATHS_ARE_USED_WITH_PEAS,laths are used with peas,laths are used with peas,1
LATHS_COMBINED_WITH_STRAW_AND_WICKER_TO_CONSTRUCT_WINDBREAKS,laths combined with straw and wicker to construct windbreaks,laths combined with straw and wicker to construct windbreaks,1
LAYERED_WITHIN,layered within,layered within,1
LEAD_PIPE_MADE_OF,lead pipe made,lead pipe made,1
LEAD_PIPE_USED_INSTEAD_OF_STONEWARE_END,lead pipe used instead stoneware end,lead pipe used instead stoneware end,1
LEAVES_ARE_USED_FOR,leaves are used for,leaves are used for,1
LEFT_IN,left in,left in,1
LEFT_ON_TEENS_UNTIL,left on teens until,left on teens until,1
LESS_COMMON_THAN,less common than,less common than,1
LESS_SENSITIVE_THAN,less sensitive than,less sensitive than,1
LETTUCE_NEVER_REPLACED,lettuce never replaced,lettuce never replaced,1
LETTUCE_VARIETY_IS_RELATED_TO,lettuce variety is related to,lettuce variety is related to,1
LIFTED,lifted,lifted,1
LOCATED_AT,located at,located at,1
LOCATED_IN,located in,located in,12
LOCATED_IN_EQUIPMENT,located in equipment,located in equipment,1
LOCATED_IN_FIELD_TYPE,located in field type,located in field type,1
LOCATED_IN_REGIONAL_GEOGRAPHY,located in regional geography,located in regional geography,1
LOCATED_NEARBY,located nearby,located nearby,1
LOCATED_ON_BANKS_OF,located on banks,located on banks,1
LOCATION,location,location,1
LOCATION_ASSOCIATION,location association,location association,1
LOCATION_LIMITATIONS_CAUSE_COMPETITION_DIFFICULTIES,location limitations cause competition difficulties,location limitations cause competition difficulties,1
LONG_BEFORE_RIPENING_ON_VINE,long before ripening on vine,long before ripening on vine,1
LOWERED_BY_ON_SOUTH_SIDE,lowered by on south side,lowered by on south side,1
MADE_FROM,made from,made from,3
MADE_FROM_CAST_IRON_ALTERNATIVELY,made from cast iron alternatively,made from cast iron alternatively,1
MADE_FROM_SANDSTONE_ALTERNATIVELY,made from sandstone alternatively,made from sandstone alternatively,1
MADE_OF,made,made,2
MADE_OF_STONEWARE_ALTERNATIVELY,made stoneware alternatively,made stoneware alternatively,1
MANAGED_BY,managed by,managed by,1
MANNEIVAUX_CONTAIN,manneivaux contain,manneivaux contain,1
MANNES_CONTAIN,mannes contain,mannes contain,6
MANUFACTURED_FROM,manufactured from,manufactured from,1
MANURE_LAYERED_OVER,manure layered over,manure layered over,1
MANURE_PREPARATION,manure preparation,manure preparation,1
MANURE_TYPE_COMPARISON,manure type comparison,manure type comparison,2
MARKED_FOR_SEED_PRODUCTION,marked for seed production,marked for seed production,1
MARKET_GARDENERS_REQUIRE_PROOF_OF_GOOD_CONDUCT,market gardeners require proof good conduct,market gardeners require proof good conduct,1
MARKET_GARDENERS_WORKER_CLASS_IS_VERY_PEACEFUL,market gardeners worker class is very peaceful,market gardeners worker class is very peaceful,1
MARKET_GARDENER_WORKERS_FROM_PROVINCE,market gardener workers from province,market gardener workers from province,1
MATURATES_IN_NOVEMBER,maturates in november,maturates in november,1
MATURATES_ON_OR_BEFORE,maturates on or before,maturates on or before,1
MATURITY_PERIOD,maturity period,maturity period,1
MATURITY_PERIOD_DAYS,maturity period days,maturity period days,1
MAY_BE_EQUIVALENT_TO,equivalent to,equivalent to,1
MEASURED_BY,measured by,measured by,1
MEASURED_BY_LENGTH,measured by length,measured by length,1
MEASURED_IN_HECTARES,measured in hectares,measured in hectares,1
MEASUREMENT_UNIT_OF,measurement unit,measurement unit,1
MENTIONED_ALONGSIDE,mentioned alongside,mentioned alongside,15
MENTIONED_IN_TEXT,mentioned in text,mentioned in text,1
MENTIONED_TOGETHER,mentioned together,mentioned together,1
MIXED_WITH,mixed with,mixed with,4
MIXED_WITH_INPUT_MATERIAL,mixed with input material,mixed with input material,1
MONITORED_USING,monitored using,monitored using,1
MORE_FRAGILE_THAN,more fragile than,more fragile than,1
MORE_SUCCESSFUL_IN_OCTOBER_THAN_SPRING,more successful in october than spring,more successful in october than spring,1
MOVED_FROM,moved from,moved from,1
MOVES_BACK_TO_ACCOMMODATE_NEW_BUILDINGS,moves back to accommodate new buildings,moves back to accommodate new buildings,1
MULCHED_UNDER,mulched under,mulched under,1
NATIVE_TO_LOCATION,native to location,native to location,1
NATURALLY_GROWS_IN,naturally grows in,naturally grows in,1
NEEDS,needs,needs,2
NEEDSIRRIGATION,needsirrigation,needsirrigation,1
NEEDS_CARE_FROM,needs care from,needs care from,1
NEEDS_MORE,needs more,needs more,1
NEEDS_OPERATION,needs operation,needs operation,1
NEEDS_PROTECTION,needs protection,needs protection,1
NEEDS_TO_BE_PREPARED_WITH_SUBSTANCE,needs to be prepared with substance,needs to be prepared with substance,1
NEEDS_TO_BE_REMOVED_FROM_CLOCHES_WHEN_SUN_APPEARS,needs to be removed from cloches when sun appears,needs to be removed from cloches when sun appears,1
NEEDS_TO_MAKE_LAYERS_FOR,needs to make layers for,needs to make layers for,1
NEEDS_WATERING,needs watering,needs watering,1
NEED_ATTENTION,need attention,need attention,2
NEW_CROP_AVAILABLE,new crop available,new crop available,4
NOT COMMONLY_GROWN,not commonly grown,not commonly grown,1
NOT_TRANPLANTED,not tranplanted,not tranplanted,1
NOT_USED_FOR,not used for,not used for,1
NO_LONGER_GROWN_BY,no longer grown by,no longer grown by,1
OCCUPIES_FIELD_FOR,occupies field for,occupies field for,1
OCCURS_AFTER_SPECIFIC_CONDITION,occurs after specific condition,occurs after specific condition,1
OCCURS_AFTER_TEMPORAL_EVENT,occurs after temporal event,occurs after temporal event,1
OLD_DRY_MANURE_IS_USED_WITH_PEAS,old dry manure is used with peas,old dry manure is used with peas,1
OPTIMAL_TIME_FOR,optimal time for,optimal time for,1
OPTIONALLY_ADDED,optionally added,optionally added,1
ORIENTED_TOWARDS_SOUTH,oriented towards south,oriented towards south,1
ORIGINATED_FROM,originated from,originated from,1
ORIGINATED_FROM_LOCATION,originated from location,originated from location,1
ORIGINATED_IN,originated in,originated in,1
ORIGIN_OF_CROP,origin crop,origin crop,1
OTHER_VARIETY_OF,other variety,other variety,2
OVERLAPPED_WITH,overlapped with,overlapped with,1
OVERWINTERS_AT,overwinters at,overwinters at,1
OVERWINTERS_IN,overwinters in,overwinters in,1
OWNS,owns,owns,1
PART_OF,part,part,2
PART_OF_FERTILIZATION_COSTS,part fertilization costs,part fertilization costs,1
PEAS_ARE_TO_BE_TOPPED_AT,peas are to be topped at,peas are to be topped at,1
PEOPLE_RELATIONSHIP_ENCOURAGE_ECONOMY,people relationship encourage economy,people relationship encourage economy,1
PEOPLE_RELATIONSHIP_WORK_ALLOCATION,people relationship work allocation,people relationship work allocation,1
PERSIL_IS_SUBTYPE_OF,persil is subtype,persil is subtype,1
PEST_AFFECTED_BY,pest affected by,pest affected by,5
PEST_AFFECTS_CROP,pest affects crop,pest affects crop,5
PEST_FEAR_HEAT,pest fear heat,pest fear heat,1
PEST_RESISTANT_TO,pest resistant to,pest resistant to,1
PEST_TREATED_WITH,pest treated with,pest treated with,1
PICKED_AND_READY,picked and ready,picked and ready,2
PICKED_AT_SEASON_START,picked at season start,picked at season start,1
PICKED_AT_SIZE,picked at size,picked at size,1
PICKED_BEFORE_RIPENING_ON_VINE,picked before ripening on vine,picked before ripening on vine,1
PINK_RADISH_GROWN_IN_LOCATIONS,pink radish grown in locations,pink radish grown in locations,1
PINK_RADISH_PRODUCTION_FROM,pink radish production from,pink radish production from,1
PLACED_BETWEEN,placed between,placed between,1
PLACED_IN,placed in,placed in,6
PLACED_IN_PLACE_OF,placed in place,placed in place,1
PLACED_NEAR,placed near,placed near,1
PLACED_ON,placed on,placed on,4
PLACED_ON_TOP_OF,placed on top,placed on top,2
PLANTED_AFTER,planted after,planted after,10
PLANTED_AFTER_EMPTYING_LAYER,planted after emptying layer,planted after emptying layer,2
PLANTED_ALONGSIDE,planted alongside,planted alongside,5
PLANTED_AS_BROADCAST_CROP,planted as broadcast crop,planted as broadcast crop,1
PLANTED_AT,planted at,planted at,6
PLANTED_AT_DIFFERENT_TIMES,planted at different times,planted at different times,1
PLANTED_AT_DISTANCE_OF,planted at distance,planted at distance,1
PLANTED_AT_THE_SAME_TIME_AS,planted at same time as,planted at same time as,1
PLANTED_BEFORE,planted before,planted before,2
PLANTED_BY,planted by,planted by,2
PLANTED_DURING,planted during,planted during,3
PLANTED_IN,planted in,planted in,100
PLANTED_INDETERMINATELY,planted indeterminately,planted indeterminately,1
PLANTED_IN_AUGUST,planted in august,planted in august,1
PLANTED_IN_BED,planted in bed,planted in bed,1
PLANTED_IN_BEDS,planted in beds,planted in beds,1
PLANTED_IN_BED_WITH_SPACING,planted in bed with spacing,planted in bed with spacing,1
PLANTED_IN_BORDER,planted in border,planted in border,1
PLANTED_IN_COMPOST,planted in compost,planted in compost,1
PLANTED_IN_CONVEX_LAYER_OF,planted in convex layer,planted in convex layer,1
PLANTED_IN_DECEMBER,planted in december,planted in december,1
PLANTED_IN_DEPTH,planted in depth,planted in depth,1
PLANTED_IN_FIRST_FORTNIGHT_OF_MONTH,planted in first fortnight month,planted in first fortnight month,1
PLANTED_IN_FULL_SQUARES,planted in full squares,planted in full squares,2
PLANTED_IN_FURROWS,planted in furrows,planted in furrows,1
PLANTED_IN_GREENHOUSE,planted in greenhouse,planted in greenhouse,1
PLANTED_IN_GROUND_AFTER_DATE,planted in ground after date,planted in ground after date,1
PLANTED_IN_LAYER,planted in layer,planted in layer,1
PLANTED_IN_MID_MARCH,planted in mid march,planted in mid march,1
PLANTED_IN_MONTH,planted in month,planted in month,8
PLANTED_IN_MONTHS,planted in months,planted in months,1
PLANTED_IN_MONTH_AFTER_SPECIFIC_DATE,planted in month after specific date,planted in month after specific date,1
PLANTED_IN_NOVEMBER,planted in november,planted in november,4
PLANTED_IN_PATTERN,planted in pattern,planted in pattern,1
PLANTED_IN_PERIOD,planted in period,planted in period,1
PLANTED_IN_PLACE,planted in place,planted in place,2
PLANTED_IN_POTS,planted in pots,planted in pots,1
PLANTED_IN_ROWS,planted in rows,planted in rows,3
PLANTED_IN_SEASON,planted in season,planted in season,2
PLANTED_IN_SEQUENCE,planted in sequence,planted in sequence,1
PLANTED_IN_SEQUENCE_WITH,planted in sequence with,planted in sequence with,1
PLANTED_IN_SHADE,planted in shade,planted in shade,1
PLANTED_IN_SOIL_TYPE,planted in soil type,planted in soil type,1
PLANTED_IN_SPECIFIC_ENVIRONMENTAL_CONDITIONS,planted in specific environmental conditions,planted in specific environmental conditions,1
PLANTED_IN_SPECIFIC_LOCATION,planted in specific location,planted in specific location,1
PLANTED_IN_SPECIFIC_TIMEFRAME,planted in specific timeframe,planted in specific timeframe,1
PLANTED_IN_STAGES,planted in stages,planted in stages,1
PLANTED_IN_month_after_specific_date,planted in month after specific date,planted in month after specific date,1
PLANTED_NEAR,planted near,planted near,1
PLANTED_ON,planted on,planted on,5
PLANTED_ON_BOARDS,planted on boards,planted on boards,1
PLANTED_ON_DATE,planted on date,planted on date,1
PLANTED_ON_SOIL_TYPE,planted on soil type,planted on soil type,1
PLANTED_UNDER,planted under,planted under,4
PLANTED_UNDER_SPECIFIC_CONDITIONS,planted under specific conditions,planted under specific conditions,3
PLANTED_WITH,planted with,planted with,12
PLANTED_WITHIN_DISTANCE_OF,planted within distance,planted within distance,1
PLANTED_WITH_PRECAUTION,planted with precaution,planted with precaution,1
PLANTING_DATE,planting date,planting date,1
PLANTING_SCHEDULE,planting schedule,planting schedule,2
PLANTING_SCHEDULED_IN_MONTH_OF,planting scheduled in month,planting scheduled in month,3
PLANTING_TIME,planting time,planting time,1
PLANTING_TIME_OF_YEAR,planting time year,planting time year,1
PLANTS_AT_LEAST_Apart,plants at least apart,plants at least apart,1
PLANTS_IN,plants in,plants in,1
PLANTS_IN_LAYERED_FORMAT,plants in layered format,plants in layered format,1
PLANT_GROWTH_STAGE_PRECEDES_PLANT_GROWTH_STAGE,plant growth stage precedes plant growth stage,plant growth stage precedes plant growth stage,1
PLANT_RETRANSPORTED_TO_BOARD,plant retransported to board,plant retransported to board,1
PLOUGHED_WITH,ploughed with,ploughed with,1
POSITIONED_NEARBY,positioned nearby,positioned nearby,1
POTENTIALLY_DAMAGED_BY,potentially damaged by,potentially damaged by,1
POTTING_SOIL_COVERS,potting soil covers,potting soil covers,1
PRACTICED_IN,practiced in,practiced in,2
PRACTICED_SINCE,practiced since,practiced since,1
PRACTICE_INVOLVES_TOOLS,practice involves tools,practice involves tools,1
PRACTICE_PERFORMED_ON,practice performed on,practice performed on,1
PRACTICE_RELATED_TO,practice related to,practice related to,1
PRECEDED_BY_GROWTH_STAGE,preceded by growth stage,preceded by growth stage,1
PRECEDES,precedes,precedes,1
PRECEDES_IN_SEASON,precedes in season,precedes in season,1
PREDOMINANT_TYPE_OF_LETTUCE_IN_REGION,predominant type lettuce in region,predominant type lettuce in region,1
PREFERED_GROWTH_STAGE,prefered growth stage,prefered growth stage,1
PREFERED_PLANTING_CONDITION,prefered planting condition,prefered planting condition,1
PREFERED_SOIL_CONDITION,prefered soil condition,prefered soil condition,1
PREFERRED_CROP_LOCATION,preferred crop location,preferred crop location,1
PREFERRED_FOR,preferred for,preferred for,2
PREFERRED_FOR_GROWTH,preferred for growth,preferred for growth,1
PREFERRED_OVER,preferred over,preferred over,2
PREFERRED_SEASON,preferred season,preferred season,1
PREFERRED_SOIL_CONDITION,preferred soil condition,preferred soil condition,1
PREFERRED_TEMPERATURE,preferred temperature,preferred temperature,1
PREFFERED_FOR,preffered for,preffered for,1
PREPARATION_METHOD,preparation method,preparation method,1
PREPARATION_OF,preparation,preparation,1
PREPARED_FOR_TRANSPLANTING,prepared for transplanting,prepared for transplanting,2
PREPARED_IN,prepared in,prepared in,1
PREPARED_IN_CONDITIONS_OF,prepared in conditions,prepared in conditions,1
PREVENTS_EVAPOARATION_OF,prevents evapoaration,prevents evapoaration,1
PRICED_AT,priced at,priced at,5
PRICKED_OUT_IN,pricked out in,pricked out in,1
PROCESSES_MANURE_IN,processes manure in,processes manure in,1
PRODUCES,produces,produces,3
PRODUCES_HEAD_IN,produces head in,produces head in,2
PRODUCES_IN_TOTAL,produces in total,produces in total,1
PRODUCES_SEEDS,produces seeds,produces seeds,1
PRODUCES_SEEDS_WITH_SIMILAR_CHARACTERISTICS,produces seeds with similar characteristics,produces seeds with similar characteristics,2
PRODUCE_LARGE_ROOTS_IN_THE_WINTER,produce large roots in winter,produce large roots in winter,1
PROMOTES,promotes,promotes,1
PRONE_TO,prone to,prone to,2
PRONE_TO_DEGENERATION,prone to degeneration,prone to degeneration,1
PRONE_TO_PESTS,prone to pests,prone to pests,1
PROPAGATED_BY,propagated by,propagated by,1
PROPAGATED_BY_BURSTING,propagated by bursting,propagated by bursting,1
PROTECTED_AGAINST,protected against,protected against,1
PROTECTED_AGAINST_WEATHER,protected against weather,protected against weather,1
PROTECTED_BY,protected by,protected by,1
PROTECTED_DURING,protected during,protected during,1
PROTECTED_FROM,protected from,protected from,6
PROTECTED_FROM_AIR,protected from air,protected from air,1
PROTECTED_FROM_BURNING,protected from burning,protected from burning,1
PROTECTED_FROM_BURYING,protected from burying,protected from burying,1
PROTECTED_FROM_WEATHER_CONDITION,protected from weather condition,protected from weather condition,1
PROTECTED_WITH,protected with,protected with,2
PROTECTED_WITH_SAME_MEANS,protected with same means,protected with same means,1
PROTECTS_FROM,protects from,protects from,1
PROVIDED_WITH_WATER_FROM_MANURE,provided with water from manure,provided with water from manure,1
PRUNED_AT,pruned at,pruned at,1
PRUNED_FOR_HEALTH,pruned for health,pruned for health,1
PRUNED_TO_LENGTH,pruned to length,pruned to length,1
PRUNED_USING_METHOD,pruned using method,pruned using method,1
PRUNED_WITHIN_PERIOD,pruned within period,pruned within period,1
PRUNE_AFTER_PLANTING,prune after planting,prune after planting,1
PUBLISHED_AT,published at,published at,1
PUBLISHED_BY,published by,published by,1
PULLED_OUT_AT,pulled out at,pulled out at,1
PUTTIED_WITH_FOUNTAIN_PUTTY,puttied with fountain putty,puttied with fountain putty,1
RADISH_GROWN_AND_WATERED,radish grown and watered,radish grown and watered,1
RAISED_ABOVE,raised above,raised above,1
RAISED_BY_ON_NORTH_SIDE,raised by on north side,raised by on north side,1
RAISED_ON,raised on,raised on,2
RAISED_TO_LEVEL_OF,raised to level,raised to level,1
RAISED_WITH,raised with,raised with,1
RAKED_IN,raked in,raked in,1
RARELY_MARRY_OUTSIDE_OF,rarely marry outside,rarely marry outside,1
REACHES_LENGTH_OF,reaches length,reaches length,1
READY_FOR,ready for,ready for,1
READY_FOR_CONSUMPTION_AT,ready for consumption at,ready for consumption at,1
READY_IN,ready in,ready in,1
READY_TO_BE_CUT_AT_THE_SAME_TIME_AS,ready to be cut at same time as,ready to be cut at same time as,1
READY_TO_HARVEST_IN_WEEKS,ready to harvest in weeks,ready to harvest in weeks,1
REASONING_ABOUT,reasoning about,reasoning about,1
RECEIVES_HOEING,receives hoeing,receives hoeing,1
RECEIVES_SAME_CARE_AS,receives same care as,receives same care as,1
RECIPIENT_OF,recipient,recipient,1
RECOGNIZED_BY_BROADER_LEAVES_THAN,recognized by broader leaves than,recognized by broader leaves than,1
RECOMMENDED_FOR,recommended for,recommended for,2
REDUCES_WATERING_NEEDS_OF,reduces watering needs,reduces watering needs,1
REGENERATED_AT,regenerated at,regenerated at,1
REJECTED_BY,rejected by,rejected by,1
RELATED_TO,related to,related to,13
RELATES_TO,relates to,relates to,4
RELATIONSHIP_TYPE_FRESHENED_WITH,relationship type freshened with,relationship type freshened with,1
RELIES_ON,relies on,relies on,1
RELIGIOUS_CEREMONY_ATTENDED_BY,religious ceremony attended by,religious ceremony attended by,1
RELOCATED_IN_MONTH,relocated in month,relocated in month,1
REMOVED_DURING,removed during,removed during,1
REMOVED_FROM,removed from,removed from,3
REMOVED_FROM_PATHS_OF,removed from paths,removed from paths,1
REMOVED_ON,removed on,removed on,1
REMOVED_ON_DATE,removed on date,removed on date,1
REMOVED_WITH,removed with,removed with,2
REMOVES,removes,removes,2
REMOVES_SPREAD,removes spread,removes spread,1
REMOVE_DURING_PLANTING,remove during planting,remove during planting,1
RENEWED_APPEAL,renewed appeal,renewed appeal,1
RENTED_AT,rented at,rented at,1
RENTS_AT,rents at,rents at,2
REPLACEBY_IN_SEASON,replaceby in season,replaceby in season,1
REPLACED_BY,replaced by,replaced by,3
REPLACED_WITH,replaced with,replaced with,1
REPLANTED_EVERY_FOUR_OR_FIVE_YEARS_BY_DIVIDING_ROOTS_AND_REPLANTING_IN_BEDS,replanted every four or five years by dividing roots and replanting in beds,replanted every four or five years by dividing roots and replanting in beds,1
REQUIRES,requires,requires,18
REQUIRES Thickness,requires thickness,requires thickness,1
REQUIRES_ADDITIONAL_LABOR,requires additional labor,requires additional labor,1
REQUIRES_ATMOSPHERICCONDITION,requires atmosphericcondition,requires atmosphericcondition,1
REQUIRES_BINDING,requires binding,requires binding,1
REQUIRES_CARE,requires care,requires care,1
REQUIRES_COVERING,requires covering,requires covering,1
REQUIRES_COVERING_UNTIL,requires covering until,requires covering until,1
REQUIRES_COVER_BEFORE_NIGHTFALL,requires cover before nightfall,requires cover before nightfall,1
REQUIRES_EQUIPMENT,requires equipment,requires equipment,3
REQUIRES_FREQUENT_WATERING,requires frequent watering,requires frequent watering,1
REQUIRES_INPUT,requires input,requires input,1
REQUIRES_LABOR,requires labor,requires labor,1
REQUIRES_LIGHT_MOISTURE,requires light moisture,requires light moisture,1
REQUIRES_MAINTENANCE_AT_STAGE,requires maintenance at stage,requires maintenance at stage,1
REQUIRES_MANAGEMENT_IN_MONTH,requires management in month,requires management in month,1
REQUIRES_MANAGEMENT_IN_MONTHS,requires management in months,requires management in months,1
REQUIRES_PLANTING_DATE,requires planting date,requires planting date,1
REQUIRES_PRACTICE,requires practice,requires practice,1
REQUIRES_PREVENTION_FROM,requires prevention from,requires prevention from,1
REQUIRES_PROTECTION_FROM,requires protection from,requires protection from,3
REQUIRES_PRUNING,requires pruning,requires pruning,1
REQUIRES_REGULAR_CHECKS,requires regular checks,requires regular checks,1
REQUIRES_REGULAR_REMOVAL,requires regular removal,requires regular removal,1
REQUIRES_REGULAR_VISITS,requires regular visits,requires regular visits,1
REQUIRES_REGULAR_WATERING,requires regular watering,requires regular watering,1
REQUIRES_REMOVAL_IN,requires removal in,requires removal in,1
REQUIRES_REPLACEMENT_IN,requires replacement in,requires replacement in,1
REQUIRES_SEED_QUANTITY,requires seed quantity,requires seed quantity,1
REQUIRES_SHELTERING_WITH_BEDDING_UNDER_FROST,requires sheltering with bedding under frost,requires sheltering with bedding under frost,1
REQUIRES_SHELTER_FROM,requires shelter from,requires shelter from,1
REQUIRES_SOIL_CONDITION,requires soil condition,requires soil condition,1
REQUIRES_SOIL_TYPE,requires soil type,requires soil type,1
REQUIRES_SPECIAL_STORAGE,requires special storage,requires special storage,1
REQUIRES_SPECIFIC_CONDITIONS,requires specific conditions,requires specific conditions,1
REQUIRES_SPECIFIC_TEMPERATURE,requires specific temperature,requires specific temperature,1
REQUIRES_SUNLIGHT_PENETRATION,requires sunlight penetration,requires sunlight penetration,1
REQUIRES_SUPPORT,requires support,requires support,1
REQUIRES_SUPPORT_AFTER_PLANTING,requires support after planting,requires support after planting,1
REQUIRES_TO_GROW,requires to grow,requires to grow,1
REQUIRES_WATERING,requires watering,requires watering,3
REQUIRES_WATERING_SCHEDULE,requires watering schedule,requires watering schedule,1
REQUIRE_WATERING_IN_CONDITIONS,require watering in conditions,require watering in conditions,1
RESEARCHED_BY,researched by,researched by,1
RESISTANT_TO,resistant to,resistant to,1
RESULTS_IN,results in,results in,1
RETAINS.VERTICAL_DIRECTION,retains vertical direction,retains vertical direction,1
RETAINS_GERMINATIVE_CAPACITY_FOR,retains germinative capacity for,retains germinative capacity for,1
RETRANSPLANTATION_DONE_ON,retransplantation done on,retransplantation done on,1
RIPENS_SEED_IN,ripens seed in,ripens seed in,1
RIPE_FROM,ripe from,ripe from,1
RISEN_DURING,risen during,risen during,1
RISES_IN,rises in,rises in,1
SAME_AS_TYPE,same as type,same as type,1
SAME_AS_VARIETY,same as variety,same as variety,1
SAME_SPECIES_AS,same species as,same species as,3
SCHEDULED_FOR,scheduled for,scheduled for,1
SEASONAL_ASSOCIATION_WITH_CROP_GROWTH_PERIODS,seasonal association with crop growth periods,seasonal association with crop growth periods,1
SEASONAL_AVAILABILITY,seasonal availability,seasonal availability,3
SECOND_PLANTING_STUNTS_GROWTH,second planting stunts growth,second planting stunts growth,1
SEED_BEARING_LETTUCE_RETAINS_SEEDS_FOR,seed bearing lettuce retains seeds for,seed bearing lettuce retains seeds for,1
SEED_CHARACTERISTIC,seed characteristic,seed characteristic,3
SEED_HARVESTING_METHOD,seed harvesting method,seed harvesting method,1
SEED_LENGTH_COMPARISON,seed length comparison,seed length comparison,1
SEED_PRODUCTION_PREREQUISITE,seed production prerequisite,seed production prerequisite,3
SEED_RETAINS_GERMINATIVE_CAPACITY_FOR,seed retains germinative capacity for,seed retains germinative capacity for,1
SEED_SOURCES,seed sources,seed sources,1
SELECTED_AFTER_PRUNING,selected after pruning,selected after pruning,1
SELECTED_BASED_ON_SHAPE,selected based on shape,selected based on shape,1
SELECTED_FOR_CONSUMPTION,selected for consumption,selected for consumption,1
SELECTED_FROM,selected from,selected from,1
SENSITIVE_TO_FROST,sensitive to frost,sensitive to frost,1
SENT_TO_MARKET_AT,sent to market at,sent to market at,1
SEPARATED_BY,separated by,separated by,1
SERVES_AS,serves as,serves as,1
SET_SEED_IN,set seed in,set seed in,1
SHADE PROVIDED_BY,shade provided by,shade provided by,1
SHAPED_BY,shaped by,shaped by,1
SHOULD_NOT_BE_OVER_WATERED,should not be over watered,should not be over watered,1
SIMILAR_TO,similar to,similar to,2
SLIDE_AGAINST,slide against,slide against,1
SLOPED_TO_SOUTH,sloped to south,sloped to south,1
SLOPES_TOWARDS_DIRECTION_OF,slopes towards direction,slopes towards direction,1
SOIL_CONDITION,soil condition,soil condition,1
SOIL_CONDITION_CHOSEN_FOR_PLANTING,soil condition chosen for planting,soil condition chosen for planting,1
SOIL_CONDITION_IMPACTS_PLANT,soil condition impacts plant,soil condition impacts plant,1
SOIL_IMPROVED_BY_PLOUGHING,soil improved by ploughing,soil improved by ploughing,1
SOIL_IMPROVED_WITH,soil improved with,soil improved with,1
SOIL_REQUIREMENT_CONDITION,soil requirement condition,soil requirement condition,1
SOIL_TYPE_AFFECTED_BY,soil type affected by,soil type affected by,1
SOIL_TYPE_ASSOCIATED_WITH_CROP,soil type associated with crop,soil type associated with crop,1
SOIL_TYPE_FOR_CROP,soil type for crop,soil type for crop,2
SOIL_TYPE_IMPACT_ON_CROP,soil type impact on crop,soil type impact on crop,1
SOIL_TYPE_RELATIONSHIP,soil type relationship,soil type relationship,2
SOLD_AT_SAME_TIME_AS,sold at same time as,sold at same time as,1
SOWED_AT_DATE_FOR_PRODUCTION,sowed at date for production,sowed at date for production,1
SOWED_IN,sowed in,sowed in,2
SOWED_ON,sowed on,sowed on,1
SOWING_DATE,sowing date,sowing date,1
SOWN,sown,sown,1
SOWN_AT,sown at,sown at,2
SOWN_AT_TIME_OF_YEAR,sown at time year,sown at time year,1
SOWN_FOR AUTUMN_HARVEST,sown for autumn harvest,sown for autumn harvest,1
SOWN_IN,sown in,sown in,12
SOWN_IN_DECEMBER,sown in december,sown in december,1
SOWN_IN_GROUND_BEFORE_DATE,sown in ground before date,sown in ground before date,2
SOWN_IN_MONTH,sown in month,sown in month,1
SOWN_IN_MONTHS,sown in months,sown in months,1
SOWN_IN_SEASON_OF,sown in season,sown in season,1
SOWN_IN_SOIL_LAYER,sown in soil layer,sown in soil layer,1
SOWN_ON,sown on,sown on,1
SOWN_WITH,sown with,sown with,1
SPACED-apart,spaced apart,spaced apart,1
SPACED_APART,spaced apart,spaced apart,1
SPACED_AT,spaced at,spaced at,1
SPACED_BY_DISTANCE,spaced by distance,spaced by distance,1
SPACED_WITH,spaced with,spaced with,1
SPACED_WITHIN,spaced within,spaced within,1
SPACING_DISTANCE,spacing distance,spacing distance,1
SPECIFIC_TO_REGION,specific to region,specific to region,1
SPLIT_INTO,split into,split into,1
SPREAD_ON_THE_BED,spread on bed,spread on bed,1
SPREAD_OVER,spread over,spread over,1
SPRING_ASSOCIATED_EVENTS,spring associated events,spring associated events,1
SPRING_CHERVIL_CULTIVATED_WITH,spring chervil cultivated with,spring chervil cultivated with,1
SPRINKLED_WITH,sprinkled with,sprinkled with,1
SPROUTED_AFTER_DAYS,sprouted after days,sprouted after days,1
SPROUTS_FROM,sprouts from,sprouts from,1
SPROUTS_IN,sprouts in,sprouts in,1
STAKES_USED_TO_SUPPORT_STRUCTURES_IN_MARSHY_AREA,stakes used to support structures in marshy area,stakes used to support structures in marshy area,1
STARTS_PRODUCING_AFTER,starts producing after,starts producing after,1
STEAM_CONTAINS_SOMETHING_HARMFUL,steam contains something harmful,steam contains something harmful,1
STIRRED_BY,stirred by,stirred by,1
STONED_WITH,stoned with,stoned with,1
STORED_IN,stored in,stored in,5
STORED_OVER_WINTER,stored over winter,stored over winter,1
STRAW_MAT_USED_TO_PROTECT,straw mat used to protect,straw mat used to protect,1
STRAW_PLUGS_ARE_USED_WITH_PEAS,straw plugs are used with peas,straw plugs are used with peas,1
STRENGTHENED_OVER,strengthened over,strengthened over,1
STRUCTURE_LOCATION,structure location,structure location,1
SUBJECT_TO,subject to,subject to,1
SUFFERED_FROM_CONDITION,suffered from condition,suffered from condition,1
SUMMER_CROP,summer crop,summer crop,1
SUPERIOR_TO,superior to,superior to,2
SUPPORTED_BY,supported by,supported by,3
SUPPORTED_BY_TOOLS_AND_EQUIPMENT,supported by tools and equipment,supported by tools and equipment,1
SURROUNDED_BY,surrounded by,surrounded by,1
TAKES_TIME_TO_BECOME_FERTILE_AND_EASY_TO_CULTIVATE,takes time to become fertile and easy to cultivate,takes time to become fertile and easy to cultivate,1
TEMPORAL_RELATIONSHIP,temporal relationship,temporal relationship,2
THINNING_METHOD,thinning method,thinning method,1
TIED_TO,tied to,tied to,1
TIME_OF_HARVESTING_RELATIONSHIP,time harvesting relationship,time harvesting relationship,3
TIME_OF_PLANTING,time planting,time planting,1
TIME_OF_TRANSPLANT,time transplant,time transplant,1
TIME_PERIOD_ASSOCIATED_WITH,time period associated with,time period associated with,2
TIME_PERIOD_ASSOCIATION,time period association,time period association,1
TOOL_USED_FOR_PLANTING,tool used for planting,tool used for planting,1
TOOL_USED_FOR_THINNING,tool used for thinning,tool used for thinning,1
TOPPED_DURING,topped during,topped during,1
TOPPED_OFF,topped off,topped off,1
TRANSFERRED_TO,transferred to,transferred to,1
TRANSLANTED_TWICE,translanted twice,translanted twice,1
TRANSPLANTED_AFTER,transplanted after,transplanted after,1
TRANSPLANTED_INTO,transplanted into,transplanted into,2
TRANSPLANTED_TO,transplanted to,transplanted to,2
TRANSPLANTED_UNDER,transplanted under,transplanted under,1
TRANSPLANTED_WITH_SEEDLING,transplanted with seedling,transplanted with seedling,1
TRANSPLANTED_WITH_TOOL,transplanted with tool,transplanted with tool,1
TRANSPLANTING_PRACTICE,transplanting practice,transplanting practice,1
TRANSPORTED_BY,transported by,transported by,1
TRANSPORTED_OR_PLANTED_IN,transported or planted in,transported or planted in,1
TREATED_UNDER_CONDITIONS,treated under conditions,treated under conditions,1
TREATED_WITH,treated with,treated with,20
TREATED_WITH_IRRIGATION_METHOD,treated with irrigation method,treated with irrigation method,1
TREATED_WITH_POTTING_SOIL,treated with potting soil,treated with potting soil,1
TREATED_WITH_PROTECTION_FROM,treated with protection from,treated with protection from,1
TREATED_WITH_RELATIONSHIP,treated with relationship,treated with relationship,3
TREATED_WITH_THERMOSIPHON_DEVICE,treated with thermosiphon device,treated with thermosiphon device,1
TREATED_WITH_WATER_TYPE,treated with water type,treated with water type,1
TRENCH_BEDDED_WITH,trench bedded with,trench bedded with,1
TRIGGERED_IN_CONDITIONS,triggered in conditions,triggered in conditions,1
TURNED_OVER,turned over,turned over,1
TURNS_THE,turns,turns,1
UNAFFECTED_BY,unaffected by,unaffected by,1
UNDERGOES_PROCESS,undergoes process,undergoes process,1
UNSUITABLE_FOR_GROWING,unsuitable for growing,unsuitable for growing,1
URINE_AFFECTS,urine affects,urine affects,1
USED_AS,used as,used as,1
USED_AS_CONDIMENT_IN,used as condiment in,used as condiment in,1
USED_AS_EQUIPMENT_IN_CULTIVATION,used as equipment in cultivation,used as equipment in cultivation,1
USED_AS_FERTILIZER,used as fertilizer,used as fertilizer,2
USED_AS_MATERIAL_FOR,used as material for,used as material for,1
USED_BEFORE,used before,used before,1
USED_BY,used by,used by,6
USED_DURING,used during,used during,1
USED_FOR,used for,used for,10
USED_FOR_BEATING,used for beating,used for beating,1
USED_FOR_COOKING,used for cooking,used for cooking,1
USED_FOR_CUTTING,used for cutting,used for cutting,1
USED_FOR_PLANTING,used for planting,used for planting,1
USED_FOR_TRANSPORTATION,used for transportation,used for transportation,1
USED_FOR_TYING,used for tying,used for tying,1
USED_FOR_WATERING,used for watering,used for watering,2
USED_IN,used in,used in,9
USED_INSTEAD_OF,used instead,used instead,2
USED_IN_CONJUNCTION_WITH,used in conjunction with,used in conjunction with,9
USED_IN_CONSTRUCTION_OF,used in construction,used in construction,1
USED_IN_EQUIPMENT,used in equipment,used in equipment,2
USED_IN_GROWTH_OF,used in growth,used in growth,1
USED_IN_LAYER,used in layer,used in layer,1
USED_IN_METHOD,used in method,used in method,1
USED_IN_PLANTING,used in planting,used in planting,1
USED_IN_PRACTICE,used in practice,used in practice,1
USED_IN_PROCESS,used in process,used in process,2
USED_IN_SPECIFIC_AGRICULTURAL_PRACTICE,used in specific agricultural practice,used in specific agricultural practice,1
USED_ON,used on,used on,2
USED_TO_GROW,used to grow,used to grow,1
USED_TO_LOAD,used to load,used to load,2
USED_TO_PLANT_IN_CONVEX_LAYER_OF_MANURE,used to plant in convex layer manure,used to plant in convex layer manure,2
USED_TO_PREVENT,used to prevent,used to prevent,2
USED_TO_SEW,used to sew,used to sew,1
USED_TO_WATER,used to water,used to water,1
USED_WITH,used with,used with,19
USED_WITH_PRACTICE,used with practice,used with practice,1
USEFULNESS_OF,usefulness,usefulness,1
USES,uses,uses,2
USES_AS_FERTILIZER,uses as fertilizer,uses as fertilizer,1
USES_DEVICE_FOR_HEATING,uses device for heating,uses device for heating,1
USES_EQUIPMENT,uses equipment,uses equipment,2
USES_FOR_WORK,uses for work,uses for work,1
USES_INPUT_FOR_CARE,uses input for care,uses input for care,1
USES_MANURE_IN,uses manure in,uses manure in,1
USES_TO_MAKE_MULCH,uses to make mulch,uses to make mulch,3
USES_TO_PERFORM_ACTION,uses to perform action,uses to perform action,1
USES_TO_REMOVE,uses to remove,uses to remove,1
USES_WATERING_METHOD,uses watering method,uses watering method,1
USE_EQUIPMENT_FOR_CROP_MANAGEMENT,use equipment for crop management,use equipment for crop management,1
VALUED_MORE_FOR,valued more for,valued more for,1
VARIES_BY,varies by,varies by,1
VARIETY_OF,variety,variety,1
WAITED_UNTIL_PICKING_DATE,waited until picking date,waited until picking date,1
WARMED_BY,warmed by,warmed by,1
WATERCRESS_SORREL_RELATED_TO,watercress sorrel related to,watercress sorrel related to,1
WATERED_AFTER_PLANTING,watered after planting,watered after planting,1
WATERED_AGAINST,watered against,watered against,1
WATERED_BEFORE_PLANTING,watered before planting,watered before planting,1
WATERED_BY,watered by,watered by,3
WATERED_DURING,watered during,watered during,1
WATERED_IN,watered in,watered in,3
WATERED_IN_LAYERS,watered in layers,watered in layers,1
WATERED_IN_TIME_FRAME,watered in time frame,watered in time frame,2
WATERED_MORE_OFTEN_THAN,watered more often than,watered more often than,1
WATERED_ON,watered on,watered on,1
WATERED_REGULARLY,watered regularly,watered regularly,2
WATERED_WITH,watered with,watered with,4
WATERED_WITH_COLD_WATER_FROM_WELLS,watered with cold water from wells,watered with cold water from wells,1
WATERING_ESSENTIAL_FOR_VEGETABLE_GROWTH,watering essential for vegetable growth,watering essential for vegetable growth,1
WATERING_NECESSITY_DETERMINED_BY,watering necessity determined by,watering necessity determined by,1
WATERING_PRACTICE,watering practice,watering practice,1
WATERING_SCHEDULED,watering scheduled,watering scheduled,1
WATER_AMOUNT_APPLIED_AT_AREA_ON_DATE,water amount applied at area on date,water amount applied at area on date,1
WEATHER_IMPACT,weather impact,weather impact,1
WEATHER_IMPACTS_CROPS,weather impacts crops,weather impacts crops,1
WEDGES_HOLD_FRAMES_OPEN_DURING_DAY,wedges hold frames open during day,wedges hold frames open during day,1
WEDGES_REMOVED_TO_REMOVE_FRAMES_AT_NIGHT,wedges removed to remove frames at night,wedges removed to remove frames at night,1
WHITE_ASPARAGUS_CROP_OF_GREEN_ASPARAGUS,white asparagus crop green asparagus,white asparagus crop green asparagus,1
WINTER_CHERVIL_HARVESTED_IN,winter chervil harvested in,winter chervil harvested in,1
WINTER_CHERVIL_SOWN_IN,winter chervil sown in,winter chervil sown in,1
WINTER_CHERVIL_WITHSTANDS,winter chervil withstands,winter chervil withstands,1
WOODEN_WHEELBARROW_EQUIPPED_WITH_HANDLEBARS_AND_CROSSBARS_TO_TRANSPORT_MATERIALS,wooden wheelbarrow equipped with handlebars and crossbars to transport materials,wooden wheelbarrow equipped with handlebars and crossbars to transport materials,1
WORKED_WITH,worked with,worked with,1
WORKS_AS,works as,works as,1
YIELDS_IN,yields in,yields in,1
